token,n
csv,2327
cdf,1542
qc,1453
ru,893
smtfm02,750
smtfm10,680
nc,641
06,541
2016,488
data.csv,461
01,445
03,400
sonic,400
dspk,392
unflag.txt,392
daily.csv,391
2015,385
10,382
05,370
31,337
2019,327
2018,312
cnv,310
2017,306
txt,277
08,262
dat,260
scarfs2016,253
12,245
17,236
07,230
xtf,205
ctd,189
5,188
6,179
1,178
13,176
11,174
data,162
2014,158
scarfs2015,152
09,150
ice,136
cr3000,135
irr,135
gtr,134
jc,131
2013,124
lake,124
final,123
bathy,122
2,118
single.csv,116
nsidc.csv,115
temperature,115
skq201612s,109
16,108
04,107
toolik,107
mass,106
14,104
balance,104
meteorological,104
position,104
3,101
0,99
v1,89
2012,87
19,86
4,85
gris,84
1000,82
101,82
rcp,82
v3a,82
cadis.csv,79
7,78
15,77
barrow,76
rov1,74
imnavait,73
8,72
base,72
001,69
1703,68
17n,67
17o,67
2010,67
id,67
station,65
adc.csv,64
deep,63
atqasuk,62
30min,61
arctic,61
area.zip,61
hypsography.csv,61
interp.zip,61
perimeter.zip,61
points.zip,61
sonar,61
spots.zip,60
dcc,59
winter,56
1979,55
2009,55
a09,55
arcsees,55
orcutt,54
102,53
od1507,53
87,52
aon,52
d2019,52
26,51
30,51
m1,49
app,47
ctd.txt,47
suib,47
2011,46
table,46
dbo,44
bl,43
temperature.csv,43
iceberg,42
meltinfo.txt,42
96,40
itex,40
missing.csv,40
0002,39
0008,39
ctrl,39
line00,39
contours.zip,38
crevasse,38
line01,38
0009,37
sea,37
sizes,37
v2,37
bin,36
ic,36
line02,36
sbe37,35
uptempo,35
viper,35
zip,35
hr.tif,34
daily,33
skq201711s,33
dpen3,32
portrefugio,32
seasonal,32
soil,32
strdprctc,32
swk,32
transition,32
ts,32
brw,31
logger,31
mat,31
water,31
0007,30
18,30
eddy,30
0006,29
dem,29
strainrate,29
0020,28
10snw3,28
2007,28
85,28
depth,28
g1800m,28
line03,28
misp,28
portsantacruz,28
swl,28
tif,28
45,27
ca,27
coordinates.csv,27
fbf,27
final.dat,27
n2,27
report,27
0017,26
0019,26
25,26
a10,26
climate,26
peters,26
plant,26
0001,25
0003,25
0018,25
27,25
arcss,25
e1,25
flux,25
ortho,25
site,25
summer,25
0013,24
atq,24
calm,24
e5,24
e6,24
g900m,24
sbe56,24
thule2017,24
002,23
0022,23
contour.zip,23
portdelores,23
0021,22
95,22
asdn,22
bs3,22
ch4,22
dhs,22
imn,22
line04,22
spconductance.csv,22
0005,21
0011,21
0014,21
2008,21
21,21
9,21
avg.nc,21
fjord,21
jun,21
0010,20
0012,20
0015,20
0023,20
0025,20
2016datarpt,20
age,20
line05,20
tbl,20
thermistor,20
tr1,20
tr2,20
00,19
0024,19
2b,19
alaska,19
corrected,19
density.csv,19
fa16,19
oib.txt,19
sml,19
snow,19
summit,19
005,18
02,18
201118,18
23,18
airportsite,18
cyn,18
dates,18
dissoxy.csv,18
m3f,18
nasa,18
v73,18
wv.txt,18
1993,17
201,17
24,17
attribute,17
firn,17
monthly.nc,17
thaw,17
0016,16
1991,16
1992,16
2006,16
5b,16
a11,16
bzc,16
campsite,16
co2,16
colleen,16
core,16
dating,16
filecorrected.csv,16
flux.dat,16
ozone.csv,16
periods,16
scale.csv,16
scs,16
spectral.zip,16
www1202,16
www1204,16
zev,16
0004,15
0029,15
0037,15
1980,15
atmospheric,15
cloud,15
crop,15
dbo5,15
microphysical,15
migtk,15
observatories,15
properties,15
rmt,15
uaf,15
0035,14
014,14
103,14
2020,14
99,14
accumulation,14
bird.csv,14
coordinates,14
council2000,14
gapfilled,14
insect.csv,14
isa,14
isotopes,14
mammal.csv,14
metadata.csv,14
ongoing,14
output,14
siberia,14
temp.csv,14
transplant,14
utqiagvik,14
003,13
0034,13
0036,13
0049,13
0051,13
012,13
013,13
20,13
2005,13
22,13
401,13
ak,13
alexander,13
dissolved,13
flight,13
information,13
routes.zip,13
sedna,13
0045,12
2003,12
28,12
29,12
amf,12
basins,12
btl,12
consolidated,12
council1999,12
datalogger,12
esq,12
g18000m,12
hh,12
hrp,12
hvy,12
lakee5,12
m.tif,12
model,12
n83,12
raster.zip,12
shakan2m,12
smtaerich1x1,12
smtcapablx1,12
smtmplpolx1,12
smtpossx1,12
smtsodarx1,12
smtsondewnpnx1,12
soilmoisture,12
temp,12
u32,12
upper,12
v.txt,12
warm,12
wdk,12
xyz,12
0028,11
0030,11
0031,11
0033,11
004,11
0044,11
0046,11
006,11
069,11
1523,11
2000,11
20160408,11
202,11
4b,11
calon.csv,11
clean,11
concentrations.zip,11
esquibel,11
light.csv,11
list,11
met,11
mooring,11
north,11
records,11
rgb.tif,11
shakan,11
smtmmcrmomx1,11
smtmwrlosx1,11
t3,11
terrace,11
0027,10
0032,10
0038,10
010,10
016,10
038,10
14c,10
2002,10
20160413,10
bc,10
bf005,10
bf021,10
bis,10
bpr,10
burn,10
carlson,10
community,10
core16summittraverse1,10
database,10
elson,10
estimates,10
fa,10
fluxes,10
g12b,10
lower,10
metadata,10
pressure.csv,10
ros,10
s3,10
sizrs,10
slope,10
0026,9
0039,9
0042,9
0047,9
0053,9
007,9
025,9
026,9
028,9
031,9
039,9
093,9
1985,9
1x5,9
20160427,9
98,9
a1,9
ans,9
bay,9
bes,9
biomass,9
chukchi,9
compaction,9
core8b,9
diffdem.tif,9
ecl,9
final.txt,9
hourly,9
ions.csv,9
isotope,9
ko,9
laketimeseries,9
line06,9
mcat,9
ntrl,9
obs.nc,9
personnel,9
petermannglacier,9
releve,9
respiration.csv,9
rho,9
sbe37sm,9
slwc,9
smtvceil25kx1,9
surface.nc,9
t2,9
tutakoke,9
u31,9
u74,9
www1104,9
000000,8
0040,8
0041,8
0043,8
0052,8
011,8
015,8
032,8
033,8
036,8
075,8
115,8
2001,8
201209,8
20160326,8
20160327,8
20160328,8
20160329,8
20160330,8
20160331,8
20160401,8
20160402,8
20160403,8
20160404,8
20160405,8
20160406,8
20160407,8
20160409,8
20160410,8
20160411,8
20160412,8
20160414,8
20160415,8
20160416,8
20160417,8
20160418,8
20160419,8
20160420,8
20160421,8
20160422,8
20160423,8
20160424,8
20160425,8
20160426,8
20160428,8
20160429,8
20160430,8
20160501,8
20160502,8
20160503,8
20160504,8
20160505,8
20160506,8
20160507,8
20160509,8
20160510,8
20160511,8
20160512,8
20160513,8
20160514,8
2044,8
301,8
6hw,8
apr,8
b1,8
badgeley,8
bf013,8
bp,8
buoy,8
carbon,8
cesm2,8
chs,8
core10spurw,8
core13core14traverse,8
core8a,8
counts,8
dbo4,8
density,8
dimple,8
discharge,8
do.csv,8
dp.csv,8
e2,8
e4,8
eager,8
eml,8
etal,8
flux.csv,8
fog1,8
fog2,8
fog3,8
fog4,8
fog5,8
format,8
gen3ens,8
glk,8
golden,8
gp8,8
greencabin,8
greenland,8
gth101,8
gth110,8
gth153,8
gth155,8
gth156,8
gth157,8
gth158,8
gth39,8
gth58,8
gth59,8
gth60,8
gth61,8
gth62,8
gth85,8
gth86,8
gth88,8
gth90,8
gth91,8
gth98,8
healy,8
hills,8
hly,8
horn,8
island,8
ivotuk1998,8
luna,8
minus,8
n1,8
ndvi,8
ne14,8
northamerica,8
perched,8
pond,8
precipitation,8
profiler,8
qc.txt,8
readme.txt,8
reciprocal,8
s6,8
sapflow,8
shrub,8
snc01,8
south,8
species,8
sum,8
surface,8
swamp,8
tfs,8
tree,8
tsp,8
u22,8
u23,8
u24,8
u25,8
u26,8
u27,8
u28,8
uas,8
v3,8
ver1,8
waccm,8
wolverine,8
xlsx,8
150705,7
170428,7
1986,7
1997,7
2100,7
5p15,7
air,7
al,7
alaska.csv,7
bf009,7
ch,7
core11spure,7
core12spurw,7
core15core16traverse,7
cover,7
cr1000,7
current,7
dbo3,7
detailed,7
figure,7
hth,7
icetemp.txt,7
intensive,7
isotopes.csv,7
ji,7
leaf,7
lgd,7
mb,7
microclimate,7
mmwatch,7
mn,7
mob,7
ne12,7
nh1,7
no3,7
npeo,7
o3,7
organic,7
po4,7
pr,7
prcp,7
regimes,7
river,7
samples,7
sc1,7
se,7
sediment,7
seedpredator,7
sf014,7
si,7
simplified,7
subset,7
t5,7
tfw,7
tif.aux.xml,7
tif.ovr,7
u30,7
u88,7
wt1,7
www1002,7
www1003,7
www1102,7
zi,7
08nsidc.csv,6
112,6
116,6
156,6
1984,6
1987,6
1988,6
1990,6
1999,6
2016jschedlbauer,6
22nov2013,6
234,6
94,6
a.csv,6
ablation,6
activelayer,6
aln,6
amundsen,6
analysis,6
aon.txt,6
b.csv,6
bc2,6
bf017,6
borehole,6
bottle,6
bro,6
brwdoas,6
canada,6
center,6
clpx,6
column,6
core11spurw,6
core12core13traverse,6
core13spurw,6
core14core15traverse,6
core14spurw,6
core15spurw1,6
core16spurw,6
core7core8traverse,6
core7survey,6
core8c1,6
core8spure,6
core9spiral,6
cp1,6
dengrad,6
dye,6
edge.tif,6
eureka,6
fac10,6
firnair,6
g3600m,6
g4500m,6
gcm.csv,6
gisp2d,6
green.tif,6
hv,6
ib,6
ivo,6
l1,6
l129,6
l3,6
l520,6
l56,6
level,6
lhs,6
line07,6
locations,6
ludwig,6
lut,6
manta,6
mar.tif,6
melt,6
meteo,6
ndvi.tif,6
nir.tif,6
niso,6
nitrogen,6
nmm3d,6
olm,6
phenology,6
rate,6
red,6
red.tif,6
saddle,6
sag,6
sc2,6
scenario,6
seaice.dat,6
sf009,6
shear.nc,6
sia,6
sitesroster.csv,6
slugtests.csv,6
southdome,6
thule,6
tk,6
tunu,6
u29,6
u34,6
u41,6
u60,6
u69,6
uff,6
underway,6
uppercapsulelake,6
us78,6
v20171130,6
0048,5
0050,5
0054,5
017,5
12june,5
160419,5
164,5
1983,5
1989,5
1998,5
2004,5
2007c,5
2007g,5
2008c,5
2081,5
2ky.txt,5
31aug,5
3b,5
50cm,5
50cm.tif,5
90roll3,5
adcp,5
adcp300,5
aquifertest1,5
bc1,5
bird,5
c1,5
canopy,5
cesm,5
continuous,5
copy,5
core10core11traverse,5
core9core10traverse2,5
czimczik,5
d18o,5
dbo6,5
depth.csv,5
dischargeandratingcurve.csv,5
drp,5
envirodata.csv,5
ethane.txt,5
ethaneacetylene,5
export.txt,5
fa15,5
fl005m,5
fl008m,5
fl013m,5
fl016m,5
fl017m,5
fl020m,5
fox,5
gases,5
gkn,5
gps,5
heath,5
keku,5
kzr,5
l280,5
lakefog2,5
length,5
low,5
lr,5
miniflux,5
nh2,5
o2ar.txt,5
o2calc,5
petermanniceshelf,5
pg16,5
phs,5
physchem,5
polaris,5
pred,5
profile.csv,5
root,5
scarfs,5
sedimentparameters.csv,5
snc03,5
snc04,5
soda,5
soiltemp,5
stratigraphy,5
sumup,5
t4,5
tas,5
taxa.csv,5
tcm,5
temperatures,5
thetao,5
total,5
treeline,5
u39,5
u40,5
us77,5
wt2,5
www1005,5
0021a,4
0055,4
0057,4
009,4
024,4
053,4
05301,4
05401,4
05501,4
056,4
05601,4
05701,4
05801,4
05901,4
06001,4
06101,4
06201,4
067,4
068,4
070,4
096,4
098,4
125,4
12juneaug,4
135,4
150423,4
1970,4
1974,4
1b,4
2000a,4
2000b,4
2001a,4
2002a,4
2003a,4
2003b,4
2003c,4
2003d,4
2003e,4
2004a,4
2004b,4
2004c,4
2004d,4
2004e,4
2005a,4
2005b,4
2005c,4
2005d,4
2005e,4
2005f,4
2006b,4
2006c,4
2006d,4
2006e,4
2006f,4
20072008,4
2007b,4
2007d,4
2007e,4
2007f,4
2007h,4
2007i,4
2007j,4
2007k,4
2008a,4
2008b,4
2008d,4
2008e,4
2008f,4
2009a,4
2009d,4
2009e,4
2009f,4
2009g,4
2010a,4
2010b,4
2010c,4
2010f,4
2010g,4
2010h,4
2011a,4
2011b,4
2011c,4
2011d,4
2011e,4
2011f,4
2011g,4
2011i,4
2011j,4
2011k,4
2011l,4
2011m,4
2012a,4
2012amkspiderwarmingexperiment,4
2012b,4
2012c,4
2012d,4
2012e,4
2012f,4
2012g,4
2012h,4
2012i,4
2012j,4
2012l,4
2012m,4
2013a,4
2013b,4
2013c,4
2013d,4
2013e,4
2013f,4
2013g,4
2013h,4
2013i,4
2014b,4
2014c,4
2014d,4
2014e,4
2014f,4
2014g,4
2014i,4
2015a,4
2015b,4
2015c,4
2015d,4
2015e,4
2015f,4
2015g,4
2015h,4
2015i,4
2015j,4
2015k,4
2016a,4
20170510xx00a,4
20170511xx00a,4
20170512xx00a,4
20170513xx00a,4
20170514xx00a,4
20170515xx00a,4
20170516xx00a,4
20170517xx00a,4
20170523xx00a,4
20170524xx00a,4
20170525xx00a,4
20170526xx00a,4
20170527xx00a,4
20170531xx00a,4
20170601xx00a,4
20170602xx00a,4
20170603xx00a,4
20170604xx00a,4
20170606xx00a,4
20170607xx00a,4
20170608xx00a,4
20170609xx00a,4
20170610xx00a,4
20170611xx00a,4
20170612xx00a,4
20170613xx00a,4
20170614xx00a,4
20170615xx00a,4
20170616xx00a,4
20170617xx00a,4
26904,4
26906,4
302,4
71roll1,4
72roll1,4
84roll1,4
88roll1,4
90roll1,4
90roll2,4
91roll2,4
91roll3,4
91roll4,4
92roll1,4
92roll2,4
92roll4,4
92roll5,4
94roll4,4
94roll6,4
95roll3,4
96roll1,4
97roll1,4
97roll2,4
a2,4
aci,4
acoustic,4
active,4
alex,4
aliss,4
ann,4
aquifertest2,4
arenacover,4
assimilated.csv,4
bcc,4
bec,4
ben,4
beo,4
bhs,4
biomass.csv,4
blk,4
bsp,4
cburn,4
cfore,4
cft,4
chemistry,4
clm40,4
cmdl,4
cnrm,4
cns,4
cnsqc,4
concentrations,4
core10spure,4
core13spure,4
core8c2,4
core8core9traverse,4
core9spurw,4
counts.csv,4
cover.csv,4
cpt,4
cshrb,4
ctund,4
d.csv,4
data.txt,4
debris,4
dec,4
doppler,4
duck,4
enviro,4
esm2,4
exburn,4
exp,4
experiment,4
files,4
fishcreek,4
forams.csv,4
fv2,4
fw,4
gal.csv,4
geochemistry.csv,4
goni,4
gpr,4
historical,4
hobo,4
ict,4
imn.csv,4
incubation,4
iva,4
ja,4
je,4
jois,4
jpc6,4
kap,4
kling,4
ktk,4
kuparuk,4
lav,4
le,4
lowertr1,4
macroinfaunal,4
magnetic,4
manual.csv,4
mclane,4
meierbachtol,4
microcat,4
middletr1,4
mirai,4
model.csv,4
moored,4
ms,4
nests.csv,4
node1,4
node2,4
nom,4
noresm2,4
nutrient,4
o2ar,4
o2isotope,4
p0001,4
p23,4
parameters.csv,4
pc04,4
percent,4
ph,4
ptrefugio50cm1,4
raw,4
raw.csv,4
reformatted.csv,4
region,4
revised.csv,4
riparian,4
rtk,4
sancruz50cm1,4
sap,4
sat,4
sed,4
sikuliaq,4
site1,4
site10,4
site2,4
site3,4
site4,4
site5,4
site6,4
site7,4
site8,4
site9,4
sitelake,4
snc02,4
soils.csv,4
sol,4
sppdata.csv,4
st12,4
statistics,4
study,4
super,4
susceptibility.csv,4
swe,4
table1,4
taku,4
td,4
teshekpuk,4
tkhydrodatabase,4
tlk,4
tooliklake,4
u38,4
u56,4
uppertr1,4
us22,4
us23,4
us24,4
us25,4
us26,4
us27,4
us28,4
us29,4
us34,4
us37,4
us39,4
waypoints,4
wb,4
weintraub,4
wx2,4
yukon,4
0056,3
0062,3
008,3
018,3
019,3
020,3
021,3
022,3
027,3
029,3
030,3
037,3
040,3
041,3
042,3
043,3
044,3
045,3
046,3
047,3
048,3
049,3
050,3
051,3
052,3
054,3
055,3
057,3
058,3
059,3
060,3
061,3
062,3
063,3
064,3
065,3
066,3
071,3
072,3
073,3
074,3
081,3
082,3
084,3
085,3
086,3
087,3
107,3
120216,3
170903,3
192,3
1953,3
1962,3
1971,3
1972,3
1973,3
1975,3
1976,3
1977,3
1978,3
1981,3
1994,3
1995,3
1996,3
20110411,3
20140630,3
20141231,3
20151231,3
20161231,3
20181008,3
2019ss,3
33km,3
501,3
63,3
70roll1,3
70roll2,3
71roll3,3
72roll2,3
72roll4,3
73roll1,3
73roll2,3
73roll3,3
74roll1,3
74roll2,3
74roll3,3
74roll4,3
74roll5,3
75roll1,3
75roll3,3
76roll1,3
77roll1,3
77roll2,3
77roll3,3
77roll4,3
77roll5,3
77roll6,3
78roll1,3
78roll2,3
78roll3,3
78roll4,3
78roll5,3
79roll1,3
79roll2,3
79roll3,3
79roll4,3
79roll5,3
79roll6,3
80roll1,3
80roll2,3
80roll3,3
81roll1,3
81roll2,3
86roll1,3
87roll1,3
92roll3,3
93roll1,3
93roll3,3
93roll4,3
94roll1,3
94roll2,3
94roll3,3
94roll5,3
95roll1,3
95roll2,3
a1.20110101.000000,3
a1.20120101.000000,3
acids.csv,3
acomm,3
adcp75,3
agashashok,3
alignment.csv,3
allleaves,3
alongfjordstudy.nc,3
araon,3
archive,3
arcticdatacenter.csv,3
asr2,3
august2015,3
baffin,3
basal,3
base.txt,3
bg1516,3
bg1617,3
bg1718,3
birch,3
boreholedilution.csv,3
bw,3
c14,3
calib,3
camp,3
campos,3
canopy.csv,3
cas,3
catchment,3
cfsr,3
cmp,3
cnvqc,3
colorregions,3
conductivity.csv,3
connectivity,3
core1,3
core10spiral,3
core11core12traverse,3
core11spiral,3
core12spure,3
core15spiral,3
core16spiral,3
core16summittraverse2,3
core2,3
core8spurw,3
core9core10traverse1,3
core9spure,3
corr.csv,3
countsummary.csv,3
creek,3
cwd,3
datecut.csv,3
dboregionscolor,3
depths.csv,3
df003,3
dhw,3
druffel,3
dtlb,3
ec,3
ecosystem,3
enspctl16,3
enspctl5,3
enspctl50,3
enspctl84,3
enspctl95,3
era5,3
erai,3
expburn,3
experimental,3
ext,3
extensive,3
fcw,3
federov,3
finedead,3
finelive,3
fiord,3
foliar,3
frost,3
g600m,3
g9000m,3
gdb.rar,3
gisp2b,3
glacier,3
gr,3
gro,3
growth,3
gt125,3
height,3
hi.nc,3
hour,3
imnaviat,3
inigok,3
jra55,3
khromov,3
kotzebue,3
kup,3
kzb,3
lai,3
laser,3
lemming,3
lomo09,3
marshall,3
measurements,3
merged.csv,3
merra,3
met.csv,3
meteo.csv,3
mjolnir,3
mmwatchdata,3
moisture,3
mossdimensions.csv,3
mt.txt,3
nabos,3
negis,3
nicegain,3
nicelose,3
nl,3
noaa.rwl,3
northern,3
nsf.csv,3
nsfadc,3
oa3,3
occasional,3
oksgain,3
okslose,3
os,3
oxygen,3
pamir,3
passive,3
plot,3
pumpwell,3
r1,3
radar,3
radiation,3
rates,3
rbr,3
recap,3
recruit,3
regions.csv,3
reindeer,3
res,3
results.csv,3
rev01,3
ru13,3
runoff,3
rusalca,3
s1,3
sampling,3
scass,3
sf6,3
shapefile.zip,3
shorebird,3
simplified.csv,3
smtceilx1,3
snowdata.csv,3
snowdata.xlsx,3
snowpack,3
spatial,3
ss,3
stable,3
stations.csv,3
stem,3
stninfo,3
suicide,3
suna,3
survey,3
surveys.csv,3
tables,3
tdr,3
tedesco,3
temperatures.csv,3
tes,3
time,3
tndr.txt,3
totals.csv,3
u33,3
u37,3
u43,3
u49,3
u50,3
u61,3
u68,3
uci,3
understory.csv,3
us30,3
us33,3
us38,3
us40,3
us42,3
us60,3
usgs,3
vapor,3
wain,3
water.csv,3
weather,3
wgs84,3
woody,3
wtd,3
wx1,3
xlinebb,3
xliner,3
yd,3
000100,2
0058,2
0059,2
0060,2
0061,2
0063,2
0064,2
0065,2
023,2
034,2
035,2
05301avg.cnv,2
05401avg.cnv,2
05501avg.cnv,2
05601avg.cnv,2
05701avg.cnv,2
05801avg.cnv,2
05901avg.cnv,2
06001avg.cnv,2
06101avg.cnv,2
0617,2
076,2
077,2
078,2
079,2
080,2
083,2
088,2
089,2
090,2
091,2
0918,2
092,2
094,2
095,2
097,2
099,2
09snw3,2
100,2
121418,2
12snw3,2
150731,2
160805,2
17core15spurw2,2
190723,2
190730,2
190802,2
190810,2
1961,2
1964,2
1967,2
1968,2
1969,2
1982,2
1min.csv,2
20080302,2
20110406,2
20110608,2
20110629.000000,2
20120426,2
20120524,2
20120524.000000,2
20120525,2
20120526,2
20120527.000000,2
20120527022,2
20120529,2
20120529.000000,2
20120530.000000,2
20120531.000000,2
20120601.000000,2
20120602.000000,2
20120606.000000,2
20120607.000000,2
20120608.000000,2
20120609.000000,2
20120610.000000,2
20120611.000000,2
20120612.000000,2
20120613.000000,2
20120614.000000,2
20120615.000000,2
20120616.000000,2
20120617.000000,2
20120618.000000,2
20120619.000000,2
20120620.000000,2
20120621.000000,2
20120626.000000,2
20120627.000000,2
20120630.000000,2
20120703.000000,2
20120704.000000,2
20120706.000000,2
20120707.000000,2
20120708.000000,2
20120709.000000,2
20120710.000000,2
20120711.000000,2
20120712.000000,2
20120713.000000,2
20120714.000000,2
20120715.000000,2
20120716.000000,2
20120719.000000,2
20120720.000000,2
20120721.000000,2
20120722.000000,2
20120725.000000,2
20120726.000000,2
20120727.000000,2
20120728.000000,2
20120729.000000,2
20120730.000000,2
20120731.000000,2
20120801.000000,2
20120802.000000,2
20120803.000000,2
20120804.000000,2
20130212.000000,2
20130213.000000,2
20130214.000000,2
20130215.000000,2
20130220.000000,2
20130221.000000,2
20130222.000000,2
20130223.000000,2
20130225.000000,2
20130226.000000,2
20130228.000000,2
20130301.000000,2
20130302.000000,2
20130303.000000,2
20130315.000000,2
20130317.000000,2
20130326.000001,2
20130327.000000,2
20130329.000000,2
20130331.000000,2
20130401.000000,2
20130402.000000,2
20130403.000000,2
20130408.000000,2
20130409.000000,2
20130414.000000,2
20130417.000000,2
20130418.000000,2
20130420.000000,2
20130422.000000,2
20130426.000000,2
20130428.000000,2
20130429.000000,2
20130430,2
20130430.000000,2
20130501.000000,2
20130502.000000,2
20130504.000000,2
20130505.000000,2
20130506.000000,2
20130507.000000,2
20130509.000000,2
20130512,2
20130518.000000,2
20130519.000000,2
20130520.142835,2
20130521.000000,2
20130522.000000,2
20130524.000000,2
20130525.000000,2
20130526.000000,2
20130527.000000,2
20130528.022025,2
20130529.000000,2
20130605,2
20130609.000001,2
20130614.000000,2
20130619.000000,2
20130620.000000,2
20130622,2
20130624.000000,2
20130625.000000,2
20130626.000000,2
20130627.000000,2
20130630.000000,2
20130701.000000,2
20130702.000000,2
20130703.000000,2
20130704.000000,2
20130705.000000,2
20130706.000000,2
20130707,2
20130708.000000,2
20130710.000000,2
20130715.000000,2
20130716.000000,2
20130717.000000,2
20130718.000000,2
20130721.001859,2
20130722.001900,2
20130724.000000,2
20130725,2
20130727.000000,2
20130728.000000,2
20130729.000000,2
20130730.000000,2
20130731.000000,2
20130803.000000,2
20130804.000000,2
20130806.000000,2
20130807.000000,2
20130808.000000,2
20130809.000000,2
20130810.000000,2
20130811.000000,2
20130812.000000,2
20130813.001908,2
20130814.000000,2
20130816.000000,2
20130817.000000,2
20130818.000000,2
20130820.000000,2
20130821.000000,2
20130822.000000,2
20130823.000000,2
20130824.000000,2
20130825.000000,2
20130828.000000,2
20130829.000000,2
20130830.000000,2
20130831.000000,2
20130901.000000,2
20130902.000000,2
20130903.000000,2
20130904.000000,2
20130905.000000,2
20130906.000000,2
20130907.000000,2
20130908.000000,2
20130910.000000,2
20130912.000000,2
20130913.000000,2
20130914.000000,2
20130915.000000,2
20130916.000000,2
20130917.000000,2
20130920.000000,2
20130921.000000,2
20130922.000000,2
20130923.000000,2
20130924.000000,2
20130925.000000,2
20130926.000000,2
20130927.000000,2
20130928.000000,2
20130929.000000,2
20130930.000000,2
20131001.000000,2
20131002.000000,2
20131003.000000,2
20131004.000000,2
20131005.000000,2
20131006.000000,2
20131007.000000,2
20131008.000000,2
20131009.000000,2
20131010.000000,2
20131011.000000,2
20131015.000000,2
20131016.000000,2
20131017.000000,2
20131018.000000,2
20131022.000000,2
20131023.000000,2
20131024.000000,2
20131025.000000,2
20131026.000000,2
20131027.000000,2
20131029.000000,2
20131030.000000,2
20131031.000000,2
20131101.000000,2
20131102.000000,2
20131103.000000,2
20131104.000000,2
20131105.000000,2
20131106.000000,2
20131107.000000,2
20131108.000000,2
20131109.000000,2
20131110.000000,2
20131111.000000,2
20131112.000000,2
20131113.000000,2
20131114.000000,2
20131115.000000,2
20131120.120001,2
20131124.000000,2
20131127.000000,2
20131202.000000,2
20131203.000000,2
20131205.000837,2
20131206.000000,2
20131212.000000,2
20131215.010014,2
20131225.000000,2
20131228.000000,2
20131229.000000,2
2013to2015,2
20140102.004528,2
20140103.000000,2
20140107.000000,2
20140113.004533,2
20140119.060000,2
20140208.000000,2
20140215.000000,2
20140216.000000,2
20140218.000000,2
20140220.000000,2
20140223.000000,2
20140224.000000,2
20140225.000000,2
20140228.000000,2
20140301.000000,2
20140304.000000,2
20140305.000000,2
20140306.000000,2
20140307.000000,2
20140308.000000,2
20140309.000000,2
20140310.000000,2
20140311.000000,2
20140312.000000,2
20140314.000000,2
20140315.000000,2
20140316.000000,2
20140319.000000,2
20140320.000000,2
20140321.000000,2
20140322.000000,2
20140323.000000,2
20140324.000000,2
20140326.000000,2
20140330.000000,2
20140331.034358,2
20140401.000000,2
20140402.000000,2
20140403.000000,2
20140404.000000,2
20140405.000000,2
20140406.000000,2
20140408.000000,2
20140409.000000,2
20140410.000000,2
20140411.000000,2
20140416.000000,2
20140417.000000,2
20140418.000000,2
20140419.000000,2
20140420.000000,2
20140421.000000,2
20140422.000000,2
20140424.000000,2
20140425.000000,2
20140426.000000,2
20140428.000000,2
20140430.000000,2
20140502.000000,2
20140503.000000,2
20140504.000000,2
20140505.000000,2
20140508.000000,2
20140512.000000,2
20140513.000000,2
20140514.000000,2
20140515.000000,2
20140517.000000,2
20140518.004731,2
20140523.000000,2
20140524.000000,2
20140525.000000,2
20140526.000000,2
20140527.000000,2
20140528.000000,2
20140529.000000,2
20140530.000000,2
20140531.000000,2
20140601.000000,2
20140602.000000,2
20140603.000000,2
20140604.000000,2
20140605.000000,2
20140607.000000,2
20140608.000000,2
20140609.000000,2
20140610.000000,2
20140613,2
20140616,2
20140616.000000,2
20140617.000000,2
20140618.000000,2
20140619.000000,2
20140620.000000,2
20140621.000000,2
20140622.000000,2
20140623.000000,2
20140624.000000,2
20140625,2
20140625.000000,2
20140626.000000,2
20140627.000000,2
20140628.000000,2
20140629.000000,2
20140630.000000,2
20140731,2
20150611,2
20160519,2
20170506xx00a,2
20170507xx00a,2
20170508xx00a,2
20170509xx00a,2
20170522xx00a,2
20170618xx00a,2
20170619xx00a,2
20171231,2
20180608,2
20181126,2
20190812,2
203,2
2a,2
2as,2
30jul,2
3a,2
3a1,2
3as,2
3b1,2
402,2
4a,2
5a,2
5cm.tif,2
5tm,2
60min,2
67roll2,2
67roll4,2
860,2
a.dat,2
a1.20130101.000000,2
a1.20140101.000000,2
a1.20150101.000000,2
a1.20160101.000000,2
a1.20170101.000000,2
a1.20170117.000000,2
a2bs,2
access,2
acz,2
aggie,2
airport,2
all.txt,2
alldata,2
aplis,2
april2015,2
arc.csv,2
archive.csv,2
aufeis,2
august2017,2
aw,2
aydinetaljgr2007,2
azimuth.csv,2
b01901avg.cnv,2
b1.20110101.000307,2
b1.20110701.000314,2
bacteria,2
banding.csv,2
baseflow,2
bd,2
beaufortgyre,2
beaver,2
benedict,2
biolbull.csv,2
black,2
blanquet,2
boulderpatch,2
braun,2
bruncin.csv,2
budget.csv,2
buoy14,2
c01801avg.cnv,2
ca.csv,2
cah,2
calon,2
camden,2
campbell,2
canesm5,2
car,2
cebp,2
characteristics.csv,2
chb,2
cheat,2
chlorophyll,2
chyp,2
cims.csv,2
ciss2,2
cl1,2
clake,2
clows,2
cm2,2
cm6,2
cm6a,2
coldfoot,2
comparison,2
composition,2
concatenated,2
concentration,2
conifer,2
content,2
content.csv,2
continuous.csv,2
core14spiral,2
core3,2
core4,2
core5,2
core6,2
core7,2
cores,2
count,2
count1969,2
crumpetal2020,2
cs17,2
cs8r,2
csm2,2
ct,2
ctd1,2
ctd10,2
ctd100,2
ctd101,2
ctd102,2
ctd103,2
ctd104,2
ctd105,2
ctd106,2
ctd107,2
ctd108,2
ctd109,2
ctd11,2
ctd110,2
ctd111,2
ctd112,2
ctd113,2
ctd114,2
ctd115,2
ctd116,2
ctd117,2
ctd118,2
ctd119,2
ctd12,2
ctd120,2
ctd121,2
ctd122,2
ctd123,2
ctd124,2
ctd125,2
ctd126,2
ctd127,2
ctd128,2
ctd129,2
ctd13,2
ctd130,2
ctd131,2
ctd132,2
ctd133,2
ctd134,2
ctd135,2
ctd136,2
ctd137,2
ctd138,2
ctd139,2
ctd14,2
ctd140,2
ctd141,2
ctd142,2
ctd143,2
ctd144,2
ctd145,2
ctd146,2
ctd147,2
ctd148,2
ctd149,2
ctd15,2
ctd150,2
ctd151,2
ctd152,2
ctd16,2
ctd17,2
ctd18,2
ctd19,2
ctd2,2
ctd20,2
ctd21,2
ctd22,2
ctd23,2
ctd24,2
ctd25,2
ctd26,2
ctd27,2
ctd28,2
ctd29,2
ctd3,2
ctd30,2
ctd31,2
ctd32,2
ctd33,2
ctd34,2
ctd35,2
ctd36,2
ctd37,2
ctd38,2
ctd39,2
ctd4,2
ctd40,2
ctd41,2
ctd42,2
ctd43,2
ctd44,2
ctd45,2
ctd46,2
ctd47,2
ctd48,2
ctd49,2
ctd5,2
ctd50,2
ctd51,2
ctd52,2
ctd53,2
ctd54,2
ctd55,2
ctd56,2
ctd57,2
ctd58,2
ctd59,2
ctd6,2
ctd60,2
ctd61,2
ctd62,2
ctd63,2
ctd64,2
ctd65,2
ctd66,2
ctd67,2
ctd68,2
ctd69,2
ctd7,2
ctd70,2
ctd71,2
ctd72,2
ctd73,2
ctd74,2
ctd75,2
ctd76,2
ctd77,2
ctd78,2
ctd79,2
ctd8,2
ctd80,2
ctd81,2
ctd82,2
ctd83,2
ctd84,2
ctd85,2
ctd86,2
ctd87,2
ctd88,2
ctd89,2
ctd9,2
ctd90,2
ctd91,2
ctd92,2
ctd93,2
ctd94,2
ctd95,2
ctd96,2
ctd97,2
ctd98,2
ctd99,2
cumberlandp,2
cwood,2
d01701avg.cnv,2
dalton,2
dams,2
data.tsv,2
datasets,2
dates.csv,2
daugaardjensen,2
dbo.txt,2
decagon,2
definition,2
deltao2toar,2
denali,2
destination,2
df001,2
diatoms,2
dic,2
dietrich,2
disko2015,2
doc,2
domain,2
downcore,2
dry,2
drypehr,2
dsa,2
e.vaginatum,2
e02101avg.cnv,2
earth3,2
eastern,2
effort.csv,2
elevation,2
elodea,2
energy,2
env,2
envirhrly,2
enviro.csv,2
equilibrium,2
equivalent,2
esm1,2
estuary,2
evrt1980,2
exchange,2
export,2
f02201avg.cnv,2
farmstead,2
fbd,2
feb.csv,2
fetch,2
field,2
file,2
fine,2
fishscape,2
flow,2
flx,2
forest,2
forr.csv,2
friedman2012,2
ftp,2
fuel,2
g02301avg.cnv,2
g08,2
garden,2
gas,2
gasses,2
gc2015,2
gem,2
geojson,2
gert,2
ghaas,2
gi,2
glacial,2
glucose,2
gmp343,2
greeenland,2
greenland.csv,2
gtc08,2
gtc09,2
gtc10,2
gtc11,2
gtc12,2
gtc13,2
gtc14,2
gtc15,2
gtc16,2
h02401avg.cnv,2
haroldmoltke,2
hba,2
hdr,2
headless.csv,2
healy2017,2
height.csv,2
heimdal,2
helheim,2
hg.csv,2
highway,2
hly02,2
hly1103,2
hly1702,2
hunter,2
hv1,2
ibp,2
icecoretracegasdata,2
icpms,2
igdlugdlip,2
ignition,2
iii,2
iliamna,2
imat,2
imnt,2
imoss,2
inc20,2
inc30,2
inc40,2
inclination.csv,2
info.csv,2
information.csv,2
infra,2
ingia,2
ini,2
invertebrate,2
io1,2
ion,2
ipg,2
ipr,2
ipsl,2
irid.csv,2
ishrb,2
jakobshavn,2
jan.csv,2
jones,2
july2018,2
june.csv,2
juneaug,2
jwacs,2
kadko,2
kangerdlugssuaq,2
kb,2
kogebugt,2
kongoscar,2
krause,2
kvile2019,2
l129ff,2
lab,2
lability,2
laboratory,2
lakewater,2
landscape,2
lapa,2
larix,2
lasez,2
ldocdata,2
levels.csv,2
line08,2
lline1,2
lm,2
location,2
location.csv,2
locationcodes,2
lomas,2
loring,2
loss,2
lowell,2
ltoc,2
lysimeter.csv,2
m2,2
maggadan,2
main,2
major,2
mar.csv,2
mask,2
master,2
matter,2
max,2
may.csv,2
meanstddev,2
meltlayerdata,2
meta,2
meter,2
mgca.csv,2
microbial,2
midgard,2
min,2
mineralogy.csv,2
mm,2
mmol,2
mmp,2
modelled,2
moderate,2
monthly,2
moss,2
mri,2
n2o,2
navsnc,2
nh4,2
niagara,2
nline1,2
nmtn,2
norseman2,2
nox,2
nr01mu,2
nr02mu,2
nr03mu,2
nr04mu,2
nr05mu,2
nr06mu,2
nr07mu,2
nr08mu,2
nr09mu,2
nr10mu,2
nr12mu,2
nr14mu,2
nr15mu,2
nr16mu,2
nr17mu,2
nr18mu,2
nsf,2
nutrients.csv,2
nutritional,2
nuus,2
obswell,2
obswell1,2
obswell2,2
oc,2
out.csv,2
ozone,2
p1,2
pa,2
particulate,2
pdd,2
peat,2
peninsula,2
percentc,2
percentn,2
permafrost.csv,2
pg03,2
pg26,2
physiochemistry,2
pigment,2
plfa,2
plotdata.csv,2
polarbiol2017,2
polarstern,2
pom,2
port,2
precip,2
predator,2
processed,2
ps94,2
qxrd,2
qzc,2
r2,2
rcp45,2
rcp85,2
record,2
records.csv,2
records.txt,2
reflectance,2
relative,2
report.pdf,2
repository,2
results.txt,2
rhb1505,2
ring,2
rink,2
rs34,2
russell,2
ryder,2
sagwon,2
salinity,2
salts,2
sami57,2
sample,2
script,2
sedoc,2
segl,2
selawik,2
sensor,2
sequence,2
sf,2
shading,2
shrubs,2
sims.csv,2
site13,2
site14,2
site15,2
site16,2
site17,2
site18,2
skq201712s,2
sl1,2
sl2,2
sl3,2
sl4,2
sla,2
slie,2
smtaerisummaryx1,2
smtmet.qc,2
smv,2
sn10527,2
sn10528,2
sn12926,2
sn12928,2
sn12929,2
sn12960,2
sn6158,2
sn6284,2
snowdepth,2
soil.csv,2
soilgasdata,2
soilrespirationdata,2
soilrespirationdatabase,2
soils,2
solubles.csv,2
sonde,2
spc14,2
spp.csv,2
srftpco2,2
srfund,2
ssc,2
stats.txt,2
sube,2
subice,2
suharnaya,2
summary,2
summary.csv,2
summary2017,2
summary2018,2
summer2014,2
swl2015,2
t1,2
t1percov,2
t2percov,2
t3percov,2
ta,2
table.csv,2
table3,2
table5,2
table6,2
tac.csv,2
taiga.txt,2
tem.csv,2
tem.kml,2
tempcond,2
temps,2
tfs2011,2
thawdepth,2
thru20100304,2
tilt,2
time.txt,2
toacadis,2
toi,2
transcriptome,2
transect.csv,2
transport,2
trees,2
tundra,2
tundra.txt,2
tussock,2
u35,2
u66,2
ua3,2
umiamako,2
underwayo2,2
upernaviknorth,2
upernaviksouth,2
us53,2
us56,2
us58,2
v012,2
v20171129,2
vaisala,2
values.csv,2
variables,2
velocity.csv,2
volume.csv,2
vulnerability,2
vwc,2
wacp,2
wais,2
watershed,2
wdc05a,2
wdc06a,2
wh,2
wind,2
wood,2
wt,2
xlinew,2
xls,2
xuelong,2
ykd,2
ysi,2
z192cm.tif,2
zachariae,2
00.872,1
000009,1
000012,1
000014,1
000041,1
000122,1
0069,1
0070,1
0097439,1
01.872,1
012218,1
0168711,1
02.872,1
03.872,1
033117,1
03uw,1
04.872,1
05.27.2018,1
05201avg.cnv,1
054430,1
061019,1
061219,1
061419,1
061620,1
061913,1
06201avg.cnv,1
062418,1
064811,1
070857,1
071318,1
073019,1
073119,1
0801,1
080519,1
080531,1
080619,1
080719,1
0808cg044,1
080919,1
081019,1
081119,1
081519,1
0818,1
084553,1
0911,1
091312,1
0917,1
091944,1
0d1507,1
104,1
105,1
106,1
107m,1
107m.txt,1
108,1
109,1
10bedata.csv,1
10bedata.xlsx,1
10m,1
110,1
111,1
111543,1
113,1
114,1
117,1
118,1
119,1
11a,1
11b,1
11pcforam.csv,1
120,1
121,1
122,1
122919,1
123,1
124,1
126,1
127,1
128,1
129,1
130,1
131,1
132,1
133,1
133m.txt,1
134,1
135m,1
135m.txt,1
138m,1
138m.txt,1
13c,1
13ch4,1
13co2,1
1416,1
1425m.csv,1
14b,1
14c.csv,1
150607,1
150609,1
150612,1
150614,1
150617,1
150620,1
150623,1
150626,1
150628,1
150630,1
150702,1
150703,1
150706,1
150710,1
150715,1
150720,1
150721,1
150725,1
150727,1
150804,1
150806,1
150812,1
151,1
15a,1
15b,1
15c,1
15min.csv,1
160711,1
164310,1
16b,1
16b.dta,1
16s.classifer.nsres.csv,1
16s.otu.nsres.csv,1
170627,1
171844,1
174006,1
174800,1
1750m.csv,1
1767,1
185913,1
188m,1
188m.txt,1
18gc,1
1915,1
1920,1
1933,1
1948,1
1949,1
1950,1
1951,1
1952,1
1954,1
1955,1
1956,1
1957,1
1958,1
1959,1
1960,1
1963,1
1965,1
1966,1
1970to2017,1
1984to2018,1
1986to2018,1
1997shtotsoilnuts.csv,1
1999lgcover.csv,1
1999shleafnut.csv,1
1999shretrans.csv,1
19n1,1
1cm,1
1m.tfw,1
1m.tif,1
1m.tif.aux.xml,1
1m.tif.ovr,1
2.10,1
2.11,1
2.12,1
2.13,1
2.1a,1
2.1b,1
2.2abc,1
2.2d,1
2.3,1
2.4a,1
2.4b,1
2.5abc,1
2.6,1
2.7abc,1
2.8,1
2.9,1
2000lgcover.csv,1
2000lgshttbm.csv,1
2000lgshttcn.csv,1
2000shsoilresp.csv,1
2001lgcover.csv,1
2001lgshttbm.csv,1
2001lgshttcn.csv,1
2001lssl,1
2002lgcover.csv,1
2004seaiceper.csv,1
20080307,1
20080627,1
20090331,1
20110319,1
20110325,1
20110326,1
20110412,1
20110531,1
20110610,1
20110612.010137,1
20110613.000000,1
20110614.000000,1
20110615.000000,1
20110615.032900,1
20110616.000000,1
20110617.000000,1
20110618.000000,1
20110619.000000,1
20110620.000000,1
20110621.000000,1
20110622.000000,1
20110623.000000,1
20110624.000000,1
20110625.000000,1
20110626.134854,1
20110627.000000,1
20110628.000000,1
20110630.000000,1
20110701.000000,1
20110702.000000,1
20110703.000000,1
20110704.000000,1
20110705.000000,1
20110706.000000,1
20110707.000000,1
20110708.000000,1
20110709.000000,1
20110710,1
20110710.000000,1
20110711.000000,1
20110712.000000,1
20110713.000000,1
20110714.000000,1
20110715.000000,1
20110716.000000,1
20110717.000000,1
20110718.000000,1
20110719.000000,1
20110720.000000,1
20110721.000000,1
20110722.000000,1
20110723.000000,1
20110724.000000,1
20110725.000000,1
20110726.000000,1
20110727.000000,1
20110728.000000,1
20110729.000000,1
20110730.000000,1
20110731.000000,1
20110801.000000,1
20110802.000000,1
20110803.000000,1
20110804.000000,1
20110805.000000,1
20110806.000000,1
20110807.000000,1
20110808.000000,1
20110809.000000,1
20110810.000000,1
20110811.000000,1
20110812.000000,1
20110813.000000,1
20110814.000000,1
20110815.000000,1
20110816.000001,1
20110817.000000,1
20110818.000000,1
20110819.000000,1
20110820.000000,1
20110821,1
20110821.000000,1
20110822.000000,1
20110823.000001,1
20110824,1
20110824.000000,1
20110825.000000,1
20110826.000000,1
20110827.000000,1
20110828.000001,1
20110829.000000,1
20110830.000000,1
20110831.000000,1
20110901.000000,1
20110902.000000,1
20110903.000000,1
20110904.000000,1
20110905.000000,1
20110906.000000,1
20110907.000000,1
20110908.000000,1
20110909.000000,1
20110910.000000,1
20110911.000000,1
20110912.000000,1
20110913.000000,1
20110914.000000,1
20110915.000000,1
20110916.000000,1
20110917.000000,1
20110918.000000,1
20110919.000000,1
20110920.000000,1
20110921.000000,1
20110922.000000,1
20110923.000000,1
20110924.000000,1
20110925.000000,1
20110926.000000,1
20110927.000000,1
20111030.000000,1
20111031.000000,1
20111101.000000,1
20111102.000000,1
20111103.000000,1
20111104.000000,1
20111105.000000,1
20111106.000000,1
20111107.000000,1
20111108.000000,1
20111109.000000,1
20111110.000000,1
20111111.000000,1
20111112.000000,1
20111113.000000,1
20111114.000000,1
20111115.000000,1
20111116.000000,1
20111117.000000,1
20111118.000000,1
20111119.000000,1
20111120.000000,1
20111121.000000,1
20111122.000000,1
20111123.000000,1
20111124.000000,1
20111125.000000,1
20111126.000000,1
20111127.000000,1
20111128.000000,1
20111129.000000,1
20111130.000000,1
20111201.000000,1
20111202.000000,1
20111203.000000,1
20111204.000000,1
20111205.000000,1
20111206.000000,1
20111207.000000,1
20111208.000000,1
20111209.000000,1
20111210.000000,1
20111211.000000,1
20111212.000000,1
20111213.000000,1
20111214.000000,1
20111215.000000,1
20111216.000000,1
20111217.000000,1
20111218.000000,1
20111219.000000,1
20111220.000000,1
20111221.000000,1
20111222.000000,1
20111225.000000,1
20111227.170808,1
20111228.000000,1
20111229.000000,1
20111230.000000,1
20111231.000000,1
2011to2012,1
2011to2018,1
20120101.000000,1
20120102.000000,1
20120103.000000,1
20120104.000000,1
20120105.000000,1
20120106.000000,1
20120107.000000,1
20120124.191113,1
20120125.000000,1
20120126.000000,1
20120127.000000,1
20120128.000000,1
20120129.000000,1
20120130.000000,1
20120131.000000,1
20120201.000000,1
20120202.000000,1
20120203.000000,1
20120204.000000,1
20120205.000000,1
20120206.000000,1
20120207.000000,1
20120208.000000,1
20120209.000000,1
20120210.000000,1
20120211.000000,1
20120212.000000,1
20120213.000000,1
20120214.000000,1
20120215.053039,1
20120221.180923,1
20120222.000000,1
20120223.000000,1
20120224.000000,1
20120225.000000,1
20120226.000000,1
20120227.000000,1
20120228.000000,1
20120229.000000,1
20120301.000000,1
20120302.000000,1
20120303.000000,1
20120304.000000,1
20120305.000000,1
20120306.000000,1
20120307.000000,1
20120308.000000,1
20120309.000000,1
20120310.000000,1
20120311.000000,1
20120312.000000,1
20120313.000000,1
20120314.000000,1
20120315.000000,1
20120316.000000,1
20120317.000000,1
20120318.000000,1
20120319.000000,1
20120320.000000,1
20120321.000000,1
20120322.000000,1
20120323.000000,1
20120324.000000,1
20120325.000000,1
20120414,1
20120417.035432,1
20120418.000000,1
20120419.000000,1
20120420.000000,1
20120421.000001,1
20120422.000000,1
20120423.000001,1
20120424.000000,1
20120425.000000,1
20120426.000001,1
20120427.000001,1
20120428.000001,1
20120429.000000,1
20120430.000000,1
20120501.000000,1
20120502.000000,1
20120503.000000,1
20120504.000000,1
20120505.000000,1
20120506.000000,1
20120507.000000,1
20120508.000000,1
20120509.000000,1
20120510.000000,1
20120511.000000,1
20120512.000000,1
20120513.000000,1
20120514.000000,1
20120515.000000,1
20120516.000000,1
20120517.000000,1
20120521.232218,1
20120522.000000,1
20120523.000000,1
20120525.000000,1
20120525000,1
20120525001,1
20120525002,1
20120526.000000,1
20120526000,1
20120526001,1
20120526002,1
20120526003,1
20120526004,1
20120526005,1
20120526006,1
20120527000,1
20120527001,1
20120527002,1
20120527003,1
20120527004,1
20120527005,1
20120527006,1
20120527007,1
20120527008,1
20120527009,1
20120527011,1
20120527012,1
20120527013,1
20120527014,1
20120527015,1
20120527016,1
20120527017,1
20120527018,1
20120527019,1
20120527020,1
20120527021,1
20120528.000000,1
20120528.000001,1
20120528000,1
20120528001,1
20120528002,1
20120528003,1
20120528004,1
20120528005,1
20120528006,1
20120528007,1
20120528008,1
20120528009,1
20120528010,1
20120528011,1
20120528012,1
20120528013,1
20120528014,1
20120528015,1
20120528016,1
20120528017,1
20120528018,1
20120528019,1
20120528020,1
20120528021,1
20120528022,1
20120528023,1
20120528024,1
20120528025,1
20120528026,1
20120528027,1
20120528028,1
20120528029,1
20120528030,1
20120529000,1
20120529001,1
20120529002,1
20120529003,1
20120530000,1
20120530001,1
20120530002,1
20120530003,1
20120530004,1
20120530005,1
20120530006,1
20120530007,1
20120530008,1
20120530009,1
20120530010,1
20120530011,1
20120530012,1
20120530013,1
20120530014,1
20120530015,1
20120530016,1
20120530017,1
20120530018,1
20120530019,1
20120530020,1
20120530021,1
20120530022,1
20120530023,1
20120530024,1
20120530025,1
20120530026,1
20120530027,1
20120530028,1
20120530029,1
20120530030,1
20120530031,1
20120530032,1
20120530033,1
20120530034,1
20120530035,1
20120530036,1
20120530037,1
20120530038,1
20120603.000000,1
20120603.130907,1
20120605.111246,1
20120605.111247,1
20120611,1
20120622.000000,1
20120623.120043,1
20120623.120044,1
20120624,1
20120624.000000,1
20120625.000000,1
20120625.222135,1
20120628.000000,1
20120628.010734,1
20120629,1
20120705.011745,1
20120705.011746,1
20120713,1
20120716,1
20120717.000000,1
20120717.010712,1
20120718.000000,1
20120718.000001,1
20120723.000000,1
20120723.000006,1
20120724.010708,1
20120724.010709,1
20120805.000000,1
20120806.000000,1
20120807.000000,1
20120808.000000,1
20120809,1
20120809.000000,1
20120810.000000,1
20120811.000000,1
20120812.010714,1
20120813,1
20120813.000000,1
20120814.010702,1
20120815.000000,1
20120816.000000,1
20120817.000000,1
20120818.000000,1
20120819.010713,1
20120820.000000,1
20120821.000000,1
20120822.000000,1
20120823.010710,1
20120824.000000,1
20120825.000000,1
20120826.000000,1
20120827.000000,1
20120828.000000,1
20120829.000000,1
20120830.000000,1
20120831.000000,1
20120904.174817,1
20120906.152227,1
20120907.000000,1
20120908.000000,1
20120909.000000,1
20120910.000000,1
20120911.000000,1
20120912.000000,1
20120913.000000,1
20120914.000023,1
20120915.000008,1
20120916.000000,1
20120917.000000,1
20120918.000000,1
20120919.000000,1
20120920.000000,1
20120921.000000,1
20120922.000000,1
20120923.000000,1
20120924.155941,1
20120926.163546,1
20120928.001111,1
20120929.000000,1
20120930.000000,1
20121005.000000,1
20121006.000000,1
20121007.000000,1
20121008.201734,1
20121009.000000,1
20121011.000000,1
20121012.000000,1
20121013.000000,1
20121014.000000,1
20121015.000000,1
20121016.000010,1
20121017.000000,1
20121018.000000,1
20121019.000000,1
20121020.000000,1
20121023.163629,1
20121025.024634,1
20121026.000000,1
20121027.000000,1
20121028.000000,1
20121029.000000,1
20121030.000000,1
20121031.000010,1
20121101.000001,1
20121102.000000,1
20121103.000000,1
20121104.000000,1
20121105.000000,1
20121106.000000,1
20121107.000000,1
20121108.192120,1
20121109.000000,1
20121110.000000,1
20121111.000000,1
20121112.000000,1
20121113.000000,1
20121114.000001,1
20121115.000001,1
20121116.000000,1
20121117.000000,1
20121118.000000,1
20121119.000000,1
20121120.000000,1
20121121.000000,1
20121122.000000,1
20121123.000000,1
20121124.000000,1
20121125.000000,1
20121126.000000,1
20121127.000000,1
20121128.000000,1
20121129.000000,1
20121130.000000,1
20121201.000000,1
20121202.000001,1
20121203.165422,1
20121204.000000,1
20121205.000000,1
20121206.000000,1
20121207.000000,1
20121208.000000,1
20121209.000000,1
20121210.000000,1
20121211.000000,1
20121212.000000,1
20121213.032715,1
20121214.000000,1
20121220.214351,1
20121221.000000,1
20121222.000000,1
20121223.000000,1
20121226.162943,1
20121227.000000,1
20121228.000000,1
20121229.000000,1
20121230.000000,1
20121231.042957,1
20130101.000000,1
20130101.000001,1
20130102.211447,1
20130103.000000,1
20130104.000000,1
20130105.000000,1
20130106.000000,1
20130107.000000,1
20130108.000000,1
20130109.000000,1
20130110.090000,1
20130111.214238,1
20130112.000000,1
20130113.000000,1
20130114.000000,1
20130115.000000,1
20130116.024636,1
20130117.000000,1
20130118.000000,1
20130119.000000,1
20130123.183455,1
20130124.000001,1
20130125.000001,1
20130126.000000,1
20130127.000000,1
20130128.000001,1
20130129.042732,1
20130209.000000,1
20130210.000000,1
20130211.000000,1
20130216.000000,1
20130217.000000,1
20130218.000000,1
20130218.164831,1
20130219.000000,1
20130219.000001,1
20130224.000000,1
20130224.000001,1
20130227.000000,1
20130227.000001,1
20130304.000000,1
20130304.000001,1
20130305.000000,1
20130305.000001,1
20130306.000000,1
20130306.000001,1
20130307.000000,1
20130307.000001,1
20130308.000000,1
20130309.000001,1
20130310.000453,1
20130312.184218,1
20130313.000000,1
20130316.000000,1
20130316.000001,1
20130318.000000,1
20130318.000002,1
20130319.000000,1
20130321.210352,1
20130321.210353,1
20130322.000001,1
20130322.000002,1
20130323.000000,1
20130323.000001,1
20130324.000000,1
20130324.000001,1
20130325.000000,1
20130325.000001,1
20130328.000000,1
20130328.000001,1
20130330.000000,1
20130330.000001,1
20130401,1
20130404.000000,1
20130404.000001,1
20130405.000000,1
20130405.000001,1
20130406.000000,1
20130406.000001,1
20130407.000000,1
20130407.000001,1
20130410,1
20130410.000001,1
20130410.000002,1
20130411.000000,1
20130411.000001,1
20130412,1
20130412.000000,1
20130412.000002,1
20130413.000000,1
20130413.000001,1
20130415.000000,1
20130415.000001,1
20130416.000000,1
20130416.000001,1
20130419.000000,1
20130419.000001,1
20130421.000000,1
20130421.000001,1
20130423.000000,1
20130423.000001,1
20130424.151234,1
20130424.151235,1
20130425.154340,1
20130425.154341,1
20130503.000000,1
20130503.000001,1
20130508.000000,1
20130508.000001,1
20130510.000000,1
20130510.000001,1
20130511.000000,1
20130511.000001,1
20130512.000000,1
20130512.000001,1
20130513.000000,1
20130513.000001,1
20130514.000000,1
20130514.000001,1
20130515.000000,1
20130515.000001,1
20130516.000000,1
20130516.000001,1
20130517.000000,1
20130517.000001,1
20130523.000000,1
20130523.000001,1
20130530.000000,1
20130530.000001,1
20130531.000000,1
20130531.000001,1
20130601.000000,1
20130601.000001,1
20130602.000000,1
20130602.000001,1
20130603,1
20130603.000000,1
20130603.000001,1
20130604.000000,1
20130604.000001,1
20130604001,1
20130604002,1
20130604003,1
20130604004,1
20130604005,1
20130604006,1
20130604007,1
20130604008,1
20130604009,1
20130604010,1
20130604011,1
20130604012,1
20130604013,1
20130604014,1
20130604015,1
20130604016,1
20130604017,1
20130605.000000,1
20130605.000001,1
20130605000,1
20130605001,1
20130605002,1
20130605003,1
20130605004,1
20130605005,1
20130605006,1
20130605007,1
20130605008,1
20130605009,1
20130605010,1
20130606.000000,1
20130606.000002,1
20130606000,1
20130606001,1
20130606002,1
20130606003,1
20130606004,1
20130606005,1
20130606006,1
20130606007,1
20130606008,1
20130606009,1
20130606010,1
20130606011,1
20130606012,1
20130606013,1
20130606014,1
20130606015,1
20130606016,1
20130606017,1
20130606018,1
20130606019,1
20130606020,1
20130606021,1
20130606022,1
20130607.000000,1
20130607.000001,1
20130607000,1
20130607001,1
20130607002,1
20130607003,1
20130607004,1
20130607005,1
20130607006,1
20130607007,1
20130607008,1
20130607009,1
20130607010,1
20130607011,1
20130607012,1
20130607013,1
20130607014,1
20130607015,1
20130607016,1
20130607017,1
20130607018,1
20130608.000000,1
20130608.000001,1
20130608000,1
20130608001,1
20130608002,1
20130608003,1
20130608004,1
20130608005,1
20130608006,1
20130608007,1
20130608008,1
20130608009,1
20130608010,1
20130608011,1
20130608012,1
20130610.000000,1
20130610.000001,1
20130611.000000,1
20130611.000001,1
20130612.000000,1
20130612.000001,1
20130613.000000,1
20130613.000005,1
20130615.000000,1
20130615.000001,1
20130616.000000,1
20130616.000001,1
20130617.000000,1
20130617.000001,1
20130618.000000,1
20130618.000001,1
20130621.000000,1
20130621.000001,1
20130622.000000,1
20130622.000001,1
20130623.000000,1
20130623.000001,1
20130628.000000,1
20130629.155926,1
20130629.201214,1
20130709.232846,1
20130709.232847,1
20130719.000000,1
20130719.000001,1
20130722,1
20130723.000647,1
20130723.000648,1
20130725.000000,1
20130726.000000,1
20130726.114517,1
20130801.000000,1
20130801.000001,1
20130802.000000,1
20130802.000001,1
20130805.021515,1
20130805.021516,1
20130810,1
20130815.000000,1
20130815.000001,1
20130819.000000,1
20130819.000001,1
20130826.045754,1
20130826.045755,1
20130827.151234,1
20130827.151235,1
20130909.000000,1
20130909.000001,1
20130919.124403,1
20130919.124404,1
20131012.000000,1
20131012.000001,1
20131013.000000,1
20131014.165543,1
20131014.165544,1
20131019.000000,1
20131019.000001,1
20131021.150654,1
20131021.150655,1
20131028.000000,1
20131028.000001,1
20131119.000000,1
20131119.000001,1
20131122.134107,1
20131122.134108,1
20131123.000000,1
20131123.000001,1
20131125.163648,1
20131125.163649,1
20131126.000000,1
20131126.000001,1
20131128.151141,1
20131128.151142,1
20131201.000000,1
20131201.000001,1
20131204.000000,1
20131204.000001,1
20131207.000000,1
20131207.000001,1
20131210.041340,1
20131210.041341,1
20131211.000000,1
20131211.000001,1
20131217.000000,1
20131217.000001,1
20131218.000000,1
20131218.000001,1
20131221.000000,1
20131221.000001,1
20131223.004730,1
20131223.004731,1
20131224.000000,1
20131224.000001,1
20131227.000000,1
20131227.000001,1
20131230.155019,1
20131230.155020,1
2013jmcover,1
2013jmsoils,1
2013to2016,1
20140101.000000,1
20140101.000001,1
20140104.000000,1
20140104.000001,1
20140105.000000,1
20140105.000001,1
20140106.000000,1
20140106.000001,1
20140108.000000,1
20140108.000001,1
20140110.000000,1
20140110.000001,1
20140112.000000,1
20140112.000001,1
20140114.000000,1
20140114.000001,1
20140116.000000,1
20140116.000001,1
20140118.000000,1
20140118.000001,1
20140121.000000,1
20140121.000001,1
20140122.000000,1
20140122.000001,1
20140123.000000,1
20140123.000001,1
20140124.000000,1
20140124.000001,1
20140126.150000,1
20140126.150001,1
20140128.000000,1
20140128.000001,1
20140129.000000,1
20140129.000001,1
20140130.000000,1
20140130.000001,1
20140131.180000,1
20140131.180001,1
20140202.000000,1
20140202.000001,1
20140211.000000,1
20140211.000001,1
20140212.000000,1
20140212.000001,1
20140213.000000,1
20140213.000001,1
20140214.000000,1
20140214.000001,1
20140219.000000,1
20140219.000001,1
20140221.000000,1
20140221.000001,1
20140222.000000,1
20140222.000001,1
20140226.000000,1
20140226.000001,1
20140227.000000,1
20140227.000001,1
20140302.000000,1
20140302.000001,1
20140303.000000,1
20140303.000001,1
20140313.000000,1
20140313.000001,1
20140328,1
20140329.221210,1
20140329.221211,1
20140330,1
20140412.000000,1
20140412.000001,1
20140413.000000,1
20140413.000001,1
20140414.000000,1
20140414.000001,1
20140415.000000,1
20140415.000001,1
20140417,1
20140419,1
20140427.000000,1
20140427.000001,1
20140504,1
20140506.000000,1
20140506.000001,1
20140507.000000,1
20140507.000001,1
20140509.000000,1
20140509.000001,1
20140510.000000,1
20140510.000001,1
20140516.000000,1
20140516.000001,1
20140522.150048,1
20140522.150049,1
20140615.030400,1
20140615.030401,1
20140618,1
20140702,1
20140702.163330,1
20140707,1
20140709,1
20140714,1
20140715,1
20140718,1
20140719,1
20140722,1
20140728,1
20140729,1
20140804,1
20140805,1
20140811,1
20140812,1
20140815,1
20141016,1
20141030,1
20141906,1
20142606,1
20150401,1
20150406,1
20150419,1
20150501,1
20150512,1
20150602,1
20150702,1
20150731,1
20150810,1
20150812,1
20150813,1
20150816,1
20150830,1
20150916,1
20160318,1
20160508,1
20160714,1
20160720,1
20160825,1
2016to2017,1
20170611,1
20170912,1
201765,1
2017to2018,1
20180924,1
20181002,1
20181007,1
20181012,1
2018aug6,1
2018jul17,1
2018jul31,1
2019.05.15,1
20190225,1
20190510,1
20190616,1
20190627,1
20190726,1
20190825,1
20190826,1
20190830,1
20191016,1
20191124,1
20191201,1
20200103,1
20200105,1
20200109,1
20200110,1
20200203,1
20200224,1
20200309,1
2021,1
2022,1
2023,1
2024,1
2025,1
2026,1
2027,1
2028,1
2029,1
2030,1
2031,1
2032,1
2033,1
2034,1
2035,1
203556,1
2036,1
2037,1
2038,1
2039,1
2040,1
2041,1
2042,1
2043,1
2045,1
2046,1
2047,1
2048,1
2049,1
2050,1
2051,1
205155,1
2052,1
2053,1
2054,1
2055,1
2056,1
2057,1
2058,1
2059,1
2060,1
2061,1
2062,1
2063,1
2064,1
2065,1
2066,1
2067,1
2068,1
2069,1
2070,1
2071,1
2072,1
2073,1
2074,1
2075,1
2076,1
2077,1
2078,1
2079,1
2080,1
2082,1
2083,1
2084,1
2085,1
2086,1
2087,1
2088,1
2089,1
2090,1
2091,1
2092,1
2093,1
2094,1
2095,1
2096,1
2097,1
2098,1
2099,1
20km.zip,1
2134,1
2137,1
2139,1
213m,1
213m.txt,1
2140,1
217m.txt,1
2199,1
22n4,1
231722,1
236m.txt,1
240m.txt,1
243m.prn,1
246,1
249,1
24h,1
25n1,1
266m,1
266m.txt,1
268m.txt,1
273,1
2896,1
2899,1
28n4,1
2900,1
2904,1
2905,1
2918,1
2919,1
2926,1
2964translinb2b3,1
30m.txt,1
31m.txt,1
33n1,1
3413,1
3442simpexpb3b4,1
36,1
37n4,1
38,1
3839simpexpb2b4,1
38m.txt,1
38s3,1
3pc,1
3tc,1
400,1
4199simpexpb2b3,1
41gc,1
41m,1
41m.txt,1
41n1,1
4222simpexpb2b4,1
4291simpexpb2b4,1
4365simplinb2b3,1
43m.txt,1
44m.txt,1
4782transexpb3b4,1
498,1
49m.txt,1
50cm.ovr,1
51,1
5211simpexpb2b4,1
5242simpexpb2b3,1
5271,1
5326simpexpb2b4,1
5383,1
53m.txt,1
553,1
555,1
556,1
557,1
5570simpexpb2b3,1
558,1
559,1
560,1
561,1
562,1
563,1
573,1
574,1
575,1
5893transexpb2b3,1
604m.txt,1
6058simpexpb2b3,1
614m,1
614m.txt,1
6167transexpb2b3,1
6199simplinb2b4,1
6274simpexpb2b4,1
62816,1
628m.txt,1
63m.prn,1
64cm.tif,1
65m.txt,1
67m.txt,1
68m.txt,1
69m.prn,1
69roll1,1
69roll2,1
6h,1
783,1
784,1
785,1
786,1
787,1
788,1
789,1
790,1
791,1
792,1
793,1
794,1
795,1
796,1
797,1
798,1
799,1
800,1
801,1
802,1
80cm.tif,1
850m.csv,1
a.xtf,1
a02001avg.cnv,1
a02002avg.cnv,1
a1.20100601.000000,1
a1.20100603.000000,1
a1.20100713.000001,1
a1.20130101.000001,1
a1.20140101.000001,1
a1.20150101.000001,1
a1.20160112.000001,1
a1.20170101.000001,1
a1.20170118.000000,1
a1.20180114.000000,1
a1.20180130.000000,1
a1.20180515.000000,1
a12602avg.cnv,1
a14801avg.cnv,1
ab,1
ab2013,1
abovegroundbiomass2015,1
abovegroundbiomass2016,1
abun,1
abundancebiomass,1
abundances.txt,1
abvgrnd012218,1
acadis.csv,1
accap,1
accum,1
accum.csv,1
accumulation.csv,1
acommquality,1
act11b,1
activeleaves,1
actvieleaves,1
adcp150,1
addition,1
adult,1
aerosols.csv,1
afeis,1
agage,1
agc16,1
ages.csv,1
aggie.ring.widths.long.csv,1
airdata.csv,1
ais.csv,1
ak174,1
ak175,1
ak176,1
alaskamaxicethickness,1
alignments.csv,1
alison,1
alkane,1
allcoordinates.csv,1
alloe2016mammals,1
allometry,1
allsensors.csv,1
ambon2015,1
ambon2017,1
ammonium.txt,1
amundsen2009,1
amundson.csv,1
anaktuvukburn,1
anchorage,1
andtest2,1
anisotropy,1
ann1853,1
annual,1
annui,1
antarctic,1
antarctica.csv,1
aofb15,1
apr14,1
apr1853,1
apr28,1
aquatic.csv,1
aquaticdata,1
aquifers,1
archive.txt,1
archived,1
arcticchamber,1
arcticdbv2,1
arcticeis,1
arcticekmanpumping.nc,1
arcticgrayling,1
arcticmix,1
areas.zip,1
arenacove,1
artifacts,1
asgard,1
asgard2017sightingsonly,1
asgard2018,1
atmosphere,1
atmposhperic,1
atomicbr,1
aug1853,1
aug2012,1
aug2015,1
aug2017,1
aug2018,1
augsep2012,1
augsep2017,1
availability,1
availabilty,1
average,1
aws.dat,1
b.dat,1
b09,1
b1.20100525.233700,1
b1.20100601.000000,1
b1.20100628.025425,1
b1.20100704.000015,1
b1.20110101.000000,1
b1.20110101.111900,1
b1.20110503.000008,1
b1.20110903.000002,1
b1.20120101.000325,1
b1.20120101.132000,1
b1.20120409.000000,1
b1.20120701.000318,1
b1.20120824.000012,1
b1.20130101.000000,1
b1.20130101.000349,1
b1.20130101.111500,1
b1.20130701.000336,1
b1.20130816.000012,1
b1.20140101.000000,1
b1.20140101.000330,1
b1.20140101.111700,1
b1.20140627.000012,1
b1.20140701.000332,1
b1.20150101.000000,1
b1.20150101.000341,1
b1.20150101.111400,1
b1.20150610.000012,1
b1.20150701.000321,1
b1.20160101.000000,1
b1.20160101.000311,1
b1.20160101.111900,1
b1.20161207.000017,1
b1.20170101.000000,1
b1.20170101.112140,1
b1.20170115.000012,1
b1.20170116.111707,1
b1.20170117.000012,1
b1.20180708.111739,1
b12501avg.cnv,1
b14901avg.cnv,1
baid,1
balances.csv,1
baldwin,1
bar,1
barrow1,1
barrow2,1
basereceive.txt,1
bathymetry.csv,1
bays.tfw,1
bays.tif,1
bays.tif.aux.xml,1
bays.tif.ovr,1
bc1procarchive,1
bc1procarchive.nc,1
bc2procarchive,1
bc2procarchive.nc,1
beaufortmethane.csv,1
benthicinfauna,1
besoildata2009,1
bf017a.cnv,1
bf017b.cnv,1
bgchem2008data.csv,1
bgk,1
bhsprocarchive,1
bhsprocarchive.nc,1
bigbeer,1
bilello1980,1
bio,1
biogeochemistry.csv,1
biomas,1
biomes,1
blanks.csv,1
bluffs,1
boardwalkstrails,1
boat,1
bonan1,1
boreholedata.csv,1
boreholedata.xlsx,1
boreholeicewedge.csv,1
borhole,1
bottle.csv,1
bottle.txt,1
boulderpatchcoordinates.csv,1
boulderpatchcurrents.csv,1
boulderpatchkelpgrowth1976to2016,1
boulderpatchparunderwater,1
boulderpatchsurfacepar,1
boulderpatchtempcondsal,1
br2,1
branch,1
breeding,1
bright,1
bso1,1
bulk,1
bydboregion.csv,1
bz1,1
bz2,1
c08,1
c1.20100915.193700,1
c1.20101014.000001,1
c1.20110101.000100,1
c1.20120101.000100,1
c1.20120301.000001,1
c1.20130101.000100,1
c1.20130201.000001,1
c1.20140101.000100,1
c1.20140608.235829,1
c1.20150101.000100,1
c1.20150709.000302,1
c1.20160101.000100,1
c1.20161118.000037,1
c1.20170101.000048,1
c1.20170101.000100,1
c1.20170117.000100,1
c1.20170120.000045,1
c1.20180108.000100,1
c1.20180303.000104,1
c10,1
c11,1
c12,1
c12401avg.cnv,1
c13,1
c15,1
c15001avg.cnv,1
c16,1
c17,1
c18,1
c19,1
c2,1
c20,1
c2013,1
c21,1
c22,1
c23,1
c24,1
c25,1
c26,1
c27,1
c28,1
c29,1
c3,1
c30,1
c31,1
c32,1
c33,1
c34,1
c35,1
c36,1
c37,1
c38,1
c39,1
c4,1
c40,1
c41,1
c42,1
c43,1
c44,1
c45,1
c46,1
c5,1
c6,1
c7,1
c8,1
c9,1
cabin.csv,1
cafecn,1
cafeeb,1
cajanderi,1
calanusdata,1
calibration,1
calvingobservations.hdf5,1
canimida,1
canoe,1
canopycover,1
captures.csv,1
carbonates.txt,1
cast23,1
cast24,1
cast25,1
cast26,1
cast27,1
cast28,1
cast29,1
cast30,1
cast31,1
cast64,1
cast65,1
cast66,1
cast67,1
cast68,1
cast69,1
cast70,1
cast71,1
cast72,1
cast73,1
cast74,1
casts,1
casts.zip,1
cc,1
cdom,1
cell,1
cellulose.csv,1
centerline,1
centerline.csv,1
centers.csv,1
ceperley,1
cfc11,1
cfcs.csv,1
ch4bot.csv,1
ch4mid.csv,1
chandalar,1
channel,1
characteristics,1
characters.csv,1
charcoal.csv,1
chem,1
chemistries.csv,1
chemistry.csv,1
cherskiy,1
chick,1
chinare2010,1
chinare2012,1
chirikov,1
chirikov.csv,1
chironomidae,1
chl.txt,1
choice,1
chukchisea,1
cims,1
cipehr,1
cipehr.txt,1
citations,1
cladoceran,1
class.csv,1
classes.csv,1
classifications,1
climate.csv,1
cn.csv,1
cn2015,1
cnbiomass.csv,1
cnter.csv,1
cnv.dat,1
co.csv,1
coalminemet2012,1
coalminemet2013,1
coalminemet2014,1
coalminemet2015,1
coalminemet2016,1
coalminesoilmoist2012,1
coalminesoilmoist2013,1
coalminesoilmoist2014,1
coalminesoilmoist2015,1
coalminesoilmoist2016,1
coalminesoiltemp2012,1
coalminesoiltemp2013,1
coalminesoiltemp2014,1
coalminesoiltemp2015,1
coalminesoiltemp2016,1
coast.zip,1
code,1
codes.csv,1
coefficients,1
collection,1
college,1
colombolla,1
colorregions.csv,1
common,1
commongarden,1
communityplanningtool,1
communty,1
comp,1
comparison.csv,1
compatible,1
composite,1
composite.csv,1
compounds.csv,1
concentrations.csv,1
conditions.csv,1
conductance.csv,1
conductivity,1
cones,1
contents.csv,1
continents.zip,1
contrasts.csv,1
control.nc,1
control1,1
control2,1
core10,1
core11,1
core12,1
core13,1
core14,1
core15,1
core16,1
core8,1
core8spiral,1
core9,1
coredataarcgis.csv,1
coremetadata.csv,1
coresampleinfo.csv,1
corrections,1
cove,1
creatures,1
crrel,1
cruise,1
cruiselocation.csv,1
crusteceans,1
cruz,1
cryomoist.csv,1
cs1,1
cs10,1
cs12,1
cs12r,1
cs16,1
cs4r.dcc,1
cs6r,1
ct71,1
ctd.csv,1
ctd153,1
ctd154,1
ctd155,1
ctd156,1
ctd157,1
ctd158,1
ctd159,1
ctd160,1
ctd161,1
ctd162,1
ctd163,1
ctd164,1
ctd165,1
ctd166,1
ctd167,1
ctd168,1
ctd169,1
ctd170,1
ctd171,1
ctd172,1
ctd173,1
ctd174,1
ctd175,1
ctd176,1
ctd177,1
ctd178,1
ctd179,1
ctd180,1
ctd181,1
ctd182,1
ctd183,1
ctd184,1
ctd185,1
ctd186,1
ctd187,1
ctd188,1
ctd189,1
ctd190,1
ctd191,1
ctd192,1
ctd193,1
ctd194,1
ctd195,1
ctd196,1
ctd197,1
ctd198,1
ctd199,1
ctd200,1
ctd201,1
ctd202,1
ctd203,1
ctd204,1
ctd205,1
ctd206,1
ctd207,1
ctd208,1
ctd209,1
ctd210,1
ctd211,1
ctd212,1
ctd213,1
ctd214,1
ctd215,1
ctd216,1
ctd217,1
ctd218,1
ctd219,1
ctd220,1
ctd221,1
ctd222,1
ctd223,1
ctd224,1
ctd225,1
ctd226,1
ctd227,1
ctd228,1
ctd229,1
ctd230,1
ctd231,1
ctd232,1
ctd233,1
ctd234,1
ctd235,1
ctd236,1
ctd237,1
ctd238,1
ctd239,1
ctd240,1
ctd241,1
ctd242,1
ctd243,1
ctd244,1
ctd245,1
ctd246,1
ctd247,1
ctd248,1
ctd249,1
ctd250,1
ctd251,1
ctd252,1
ctd253,1
ctdcalibration,1
cultivatedisolates.csv,1
curve,1
cutter,1
cw,1
d.dat,1
d07,1
d12301avg.cnv,1
d15101avg.cnv,1
d15n2,1
d2013,1
d4i,1
daphnia,1
daphniaexpansiontaylor,1
dark,1
data.all.csv,1
data.xlsx,1
data0214,1
data15,1
data60,1
dataset.txt,1
datasources,1
dbo.csv,1
dbo4procarchive,1
dbo4procarchive.nc,1
dboncis,1
dboregionscolor.csv,1
deadhorse,1
deadtrees,1
dec.csv,1
dec1853,1
decomposition,1
decompositionrate,1
deerdensity.zip,1
delc,1
deln,1
delores,1
delta,1
dendrit,1
densiometer,1
densities,1
densitygradient,1
deployment,1
depth.txt,1
depths,1
descriptions.csv,1
detection,1
df002,1
df004,1
df005,1
df006,1
df007,1
dh2,1
diatom,1
diel,1
dietrich.ring.widths.long.csv,1
dis.csv,1
discharge.csv,1
disequilibrium,1
disko,1
diskob2015,1
diskocore2015,1
diskofirn2014,1
diskosnowpit2014,1
diskosnowpit2015,1
diskouummannaqbayglaciertermini85,1
diss.txt,1
dock,1
dominantbenthicmacroinfauna,1
don.txt,1
dp,1
dragspool.csv,1
drainage,1
drainage.zip,1
drilling,1
drogue.csv,1
drypehr.txt,1
dwnstrsporadicdischarge,1
dyeconcprofile,1
e06,1
e12202avg.cnv,1
e15601avg.cnv,1
eah,1
earlyszn.aon.txt,1
ecocrflx95,1
ecocrflx96,1
education,1
egg,1
eggs.csv,1
elev.tif,1
elev.zip,1
elevation.csv,1
em.d01,1
emf,1
environmental,1
environmentdata,1
envmicrobiol2016,1
eriophorum,1
esquibel2m.tfw,1
esquibel2m.tif,1
esquibel2m.tif.ovr,1
etip,1
etip.dat,1
eto,1
eugster,1
exclusion,1
extension,1
f05,1
f12101avg.cnv,1
f15501avg.cnv,1
fac,1
fall,1
faunaldata,1
fb1,1
fbw,1
fcb,1
fcs,1
fe.csv,1
feature,1
feb,1
feb1853,1
fertilization,1
fgr,1
fielddata,1
file.fasta,1
filled.csv,1
filtered.csv,1
final.csv,1
finaladc.csv,1
finedeadbiomass,1
finelivebiomass,1
fireweather,1
firn.csv,1
firnaquiferdetections2010,1
firnaquiferdetections2011,1
firnaquiferdetections2012,1
firnaquiferdetections2013,1
firnaquiferdetections2014,1
firnaquiferdetections2015,1
firnaquiferdetections2016,1
firnaquiferdetections2017,1
firnaquiferextent,1
firnlayer,1
fish,1
fishscapegeneticsitelocations,1
fl003,1
fl004,1
fl005,1
fl006,1
fl007,1
fl009,1
fl011,1
fl012,1
fl015,1
fl016,1
fl017,1
flightpasses.zip,1
floatplane,1
floatplanedata4,1
flowers,1
flux.txt,1
fluxes.txt,1
forarchive,1
forqaqc.csv,1
foxx,1
fraction,1
franklin,1
freezing,1
freybgcsamples,1
fts,1
fungal,1
fungi.its.classifiers,1
fungi.its.otu,1
fungus,1
future,1
fv,1
fwd,1
g04,1
g12001avg.cnv,1
g15401avg.cnv,1
gage,1
gakona,1
galbraith,1
game,1
gap,1
gap.csv,1
garcia,1
gases.csv,1
gateways.pdf,1
gcnet.txt,1
gcps,1
gdb.zip,1
geadcdata,1
gene,1
generamethod.csv,1
geo,1
geo.zip,1
geochem.csv,1
geochemistry,1
geochip,1
geodata.csv,1
geotec.csv,1
gl1,1
glaciers.nc,1
gpr.csv,1
gpr.kml,1
gps.csv,1
gps620,1
gradistr,1
graminoids.csv,1
gravmoistcontent.csv,1
gravmoistcontsoils.csv,1
gravmoistcontsr,1
greenise,1
greyscale,1
grid,1
grn,1
ground,1
groundwater,1
gs,1
gtc01,1
gtc02,1
gtc03,1
gtc04,1
gtc05,1
gtc06,1
gtc07,1
gulkana,1
gull,1
gw2014,1
h03,1
h11901avg.cnv,1
h1202,1
h15301avg.cnv,1
h2,1
h5,1
h94,1
h95,1
habitats,1
happy,1
hare,1
harper,1
hc014,1
healy2018,1
heatflux,1
herbex.csv,1
herds.zip,1
herdspatialdistribution.zip,1
hg,1
highres.csv,1
highsnowlowice1,1
highsnowlowice2,1
historic,1
hits.csv,1
hly1203,1
hly1401,1
hmismatch,1
hobo.csv,1
holocene,1
horses,1
hourly.txt,1
hp1,1
hp2,1
hr,1
hspeedmismatch,1
humangeneticdata,1
humidity,1
hunter.csv,1
hv94,1
hwe.csv,1
hydrogen,1
hydrography,1
hydrography.csv,1
i02,1
i1,1
i11801avg.cnv,1
i15201avg.cnv,1
i2,1
i3,1
i4,1
icecaps,1
icecentralcore2015,1
icecentralsnowpit2015,1
icecore,1
iceeastfirn2014,1
iceeastsnowpit2014,1
icetemperature,1
icewedge,1
icewestfirncore2014,1
icewestsnowpit2014,1
icex,1
ich,1
icpms.csv,1
ics,1
im1,1
imnavaitcr,1
impedance,1
inclinometry,1
inclinometry620,1
inflow,1
info,1
inorganic,1
input.nsres.csv,1
insects,1
instrument,1
instruments.csv,1
invert,1
io2,1
io3,1
io4,1
io5,1
io6,1
io7,1
io8,1
irms.csv,1
isolateidentity.csv,1
itp32final.zip,1
itp32rawlocs.dat,1
itp33final.zip,1
itp33rawlocs.dat,1
itp34final.zip,1
itp34rawlocs.dat,1
itp36final.zip,1
itp36rawlocs.dat,1
itp37final.zip,1
itp37rawlocs.dat,1
itp38final.zip,1
itp38rawlocs.dat,1
itp41final.zip,1
itp41rawlocs.dat,1
itp42final.zip,1
itp42rawlocs.dat,1
itp43final.zip,1
itp43rawlocs.dat,1
itp47final.zip,1
itp47rawlocs.dat,1
itp48final.zip,1
itp48rawlocs.dat,1
itp49final.zip,1
itp49rawlocs.dat,1
itp51final.zip,1
itp51rawlocs.dat,1
itp52final.zip,1
itp52rawlocs.dat,1
itp53final.zip,1
itp53rawlocs.dat,1
itp54final.zip,1
itp54rawlocs.dat,1
itp55final.zip,1
itp55rawlocs.dat,1
itp59,1
itp60,1
itp64,1
itp65,1
itp68,1
itp69,1
itp72,1
itp84,1
itp85,1
itp99,1
iv4,1
j01,1
jago,1
jan1853,1
jarviscreekdwnstrdischarge2013,1
jarviscreekdwnstrdischarge2014,1
jarviscreekdwnstrdischarge2015,1
jarviscreekdwnstrdischarge2016,1
jarviscreekupstrdischarge2015,1
jarviscreekupstrdischarge2016,1
jarviswatershedsnow,1
jeco,1
journal.pone,1
jul1853,1
jul2017,1
july2011,1
july2013,1
july2017,1
julyaug,1
jun1853,1
junction,1
june2018,1
ka,1
kaktovik,1
kanger,1
kangerlussuaq,1
kc1,1
khromov10,1
khromov11,1
kml,1
krilllengthdata.csv,1
kugurak,1
kugururok.ring.widths.long.csv,1
kupaa.csv,1
kupatr.csv,1
kupba.csv,1
kupbic.csv,1
kupbok.csv,1
kupbwh.csv,1
kuproadq.csv,1
kuptr.csv,1
l520top,1
l9819,1
l9820,1
laicpms.csv,1
lakedepthpoints,1
lakeicethickness,1
lakes,1
land,1
language,1
larch,1
larchbai,1
larchrecruitment,1
launches,1
laurier,1
layers,1
ldt2018,1
leads,1
leafwax,1
lemm.csv,1
levelogger,1
lichen,1
light,1
lignin.csv,1
liljedahl,1
line01dbo,1
line09,1
lipid,1
litter,1
litterndecomp,1
livengood,1
livetrees,1
locational,1
locations.csv,1
locs.csv,1
log,1
loggerdata.csv,1
loggerdata.xlsx,1
long.csv,1
longitidinal,1
lose,1
lssl,1
lter2,1
lw,1
lz337to364,1
lz346to364,1
lzw.tif,1
m14101avg.cnv,1
m95,1
m9925,1
macrofaunal,1
mag,1
magentic,1
magicc,1
majorelements.csv,1
majorfeatures20151202,1
mammalmammalwatchdata,1
management,1
mar1853,1
mar2020,1
marinemammalwatchdata,1
massbalance,1
masspertiller,1
master.csv,1
material,1
may1853,1
mccallglacieruppercirquewaterisotopes,1
mcfall,1
mclaren,1
mctops,1
meandailyq.csv,1
means,1
measurements.csv,1
melt.csv,1
melting.csv,1
meltpercent,1
membranes,1
mendenhall.csv,1
mesic,1
metabolites.csv,1
metadata.txt,1
meteorological.txt,1
methane,1
microprobe.txt,1
microprobes.tsv,1
microsatellites,1
middle,1
minute,1
misc,1
mitesoilpredsurfpredbacfun,1
mmp.nc,1
mocat,1
model.zip,1
modeledbathymetry,1
modern,1
module,1
module.txt,1
mois,1
moist,1
moisture.csv,1
molefraction,1
monthly.csv,1
mooregrebmeiervagle.csv,1
mosaic.zip,1
mount,1
mountain,1
mpn.csv,1
msa,1
msc,1
mscl.csv,1
mslp,1
myco,1
n14201avg.cnv,1
n20,1
na.csv,1
nabos18,1
nagapdata.csv,1
nagapuniqueidentifiers.csv,1
ncepv1,1
ndvi.csv,1
ndvimax,1
nee.csv,1
neem,1
neem2008s3,1
neem2009s2,1
neighbor,1
neighborhoodvegetation2015,1
nejanilinimacrofossil.csv,1
nep,1
nest,1
net,1
network,1
ngrip,1
nice,1
nicegaindis.csv,1
nitrate.txt,1
nline3,1
nline5,1
nmhc,1
nmin.csv,1
nmr,1
no.txt,1
noaa,1
noble,1
nome,1
northland,1
northmountainthule.csv,1
northslope,1
nov1853,1
nov2017,1
nox.txt,1
np,1
npeo2010bottledata.csv,1
npeo2012,1
npeochem2000data.csv,1
npeochem2001data.csv,1
npeochem2002data.csv,1
npeochem2003data.csv,1
npeochem2004data.csv,1
npeochem2005data.csv,1
npeochem2006data.csv,1
npeochem2007data.csv,1
npeochem2008data.csv,1
npeochem2015,1
npeochemdata2011,1
npeochemdata2013,1
npeochemdata2014,1
npr,1
ns,1
nsfshelfbreak,1
nu2015,1
nutrients,1
nuus2015,1
nuussuaqfirn2014,1
nuussuaqsnowpit2014,1
nuussuaqsnowpit2015,1
o14301avg.cnv,1
oas,1
observations,1
observed,1
oct1853,1
od1507mctopsqxrd.csv,1
oddi,1
oden2012,1
odv.csv,1
ojp,1
oksgaindis.csv,1
okslosedis.csv,1
om,1
opp,1
optical.csv,1
optical2,1
orig.xlsx,1
original.nsres.csv,1
outflow,1
ouyangchinare2012,1
ouyangchinare2014,1
overlap,1
owenicecore,1
p14401avg.cnv,1
p2,1
p3,1
pacmars,1
pahs.csv,1
paper.nc,1
par.txt,1
parameters,1
part1,1
part2,1
pasqual,1
pc,1
pcb,1
pco2,1
pd.txt,1
pdf,1
percentcov.csv,1
percentcover,1
perchlorate,1
permafrost,1
permeability,1
pf,1
pf.txt,1
phenologyndvisenescenceactvieleaves,1
phlebovirus,1
photobioaqy,1
photosynthesis,1
photosynthetic,1
phoxmelt,1
physical.csv,1
pigments,1
pilotstudy.nc,1
plankton,1
pleistocene,1
plotdata.xlsx,1
plotffluxes,1
plotlevelpercentcover2015,1
pollen,1
polygon,1
polygons,1
polygons.zip,1
pon.txt,1
poopplots.csv,1
pore,1
porevolumes,1
porewater,1
porewater.txt,1
porosity,1
positions,1
positions.csv,1
potential,1
pp.txt,1
ppm.csv,1
ppt,1
pre2014,1
prelim,1
procedural,1
product,1
production,1
proglacial,1
project,1
projectedretreat.nc,1
psii,1
pstuv,1
ptdelor,1
ptdelor1m.tfw,1
ptdelor1m.tif,1
ptdelor1m.tif.aux.xml,1
ptdelor1m.tif.ovr,1
ptframe,1
ptintercept,1
putuligayuk,1
pw.txt,1
pwtr,1
q.csv,1
q14701avg.cnv,1
qfo,1
qk,1
qpcr.csv,1
quad,1
quality,1
quality.csv,1
quantum,1
qxrd.csv,1
r0,1
r0066,1
r14601avg.cnv,1
r1969,1
radiocarbon,1
radiochemistry,1
radium,1
radon,1
rain.csv,1
random,1
range,1
rapids,1
rar,1
rates.csv,1
rating,1
raven,1
ravenlakethule.csv,1
rawcounts.csv,1
rayleigh,1
rb1505,1
rdrp.csv,1
reagent,1
rechargeyear.csv,1
ref.csv,1
reflectors.zip,1
refugio,1
regional,1
regions,1
regions.zip,1
regionscolor,1
relaxed,1
rentention2009,1
resample.csv,1
researchsites,1
resightings.csv,1
resights.csv,1
resin.csv,1
result.csv,1
results,1
rgb,1
riverdischargedata,1
rivers,1
road,1
rocks,1
rootbiomass.csv,1
rootbiomass2015,1
roots,1
roster,1
routepoints.zip,1
rs22,1
rs27,1
rs29,1
rs31,1
rt,1
rtf,1
run01,1
run02,1
run03,1
run04,1
run05,1
run06,1
run07,1
run08,1
run09,1
run10,1
run11,1
run12,1
run13,1
run14,1
run15,1
run16,1
run17,1
run18,1
run19,1
run20,1
run21,1
rusalca10057,1
rusalca10058,1
rusalca10059,1
rusalca10060,1
rusalca10061,1
rusalca10062,1
rusalca10063,1
rusalca10064,1
rusalca10065,1
rusalca10066,1
rusalca10067,1
rusalca10068,1
rusalca10069,1
rusalca10070,1
rusalca10071,1
rusalca10072,1
rusalca10073,1
rusalca10074,1
rusalca10075,1
rusalca10076,1
rusalca10077,1
rusalca10078,1
rusalca11061,1
rusalca11062,1
rusalca11063,1
rusalca11064,1
rusalca11065,1
rusalca11066,1
rusalca11067,1
rusalca11068,1
rusalca11069,1
rusalca11070,1
rusalca11071,1
rusalca2013sightingsonly,1
rusalcamammal2010,1
s001,1
s14501avg.cnv,1
s2,1
s4,1
sagmat,1
sagmnt,1
sami11,1
sami12,1
sami14,1
sami55,1
sami56,1
sami58,1
sami87,1
sami88,1
sample.nc,1
samples.csv,1
san,1
santa,1
saplings.csv,1
sapwood,1
sar,1
saturated,1
sbe09,1
sbe25,1
sbg,1
sbi2002,1
scattering,1
scd.aon.txt,1
schools,1
seawater,1
seb,1
sectors.nc,1
sediment.csv,1
sediments.csv,1
seedlingdata.csv,1
seedlings,1
segmentsnumber.zip,1
selective,1
senescence,1
sensorinfo.txt,1
sep1853,1
september2009,1
settlementtilesnormalized.csv,1
seward,1
sexes.csv,1
shallow,1
shapefile,1
sheet,1
sheet1,1
sheet3,1
shelf,1
shrub.csv,1
shrubmetric,1
siberia.csv,1
sidekick1,1
sidekick2,1
sidekick3,1
sidekick4,1
sikuiui2017loi.txt,1
sikuiui2017moss.txt,1
sikuiui2017xrf.txt,1
silicate.txt,1
sirwilfridlaurier2014,1
sirwilfridlaurier2016,1
sirwilfridlaurier2017,1
sirwilfridlaurier2018,1
sitedata.csv,1
sitegps.csv,1
siteinfo.csv,1
sites,1
sites.csv,1
sites.kml,1
sites.zip,1
sites95,1
sitesroster.xlsx,1
sixgill,1
skq2016,1
skq2017,1
sl.csv,1
sl5,1
sl6,1
sli.csv,1
sline1,1
sline3,1
sline5,1
slump.csv,1
sm07c2,1
small.txt,1
smoore,1
smoore.xlsx,1
sn10522,1
sn10523,1
sn10524,1
sn10525,1
sn10529,1
sn11187,1
sn11292,1
sn11765,1
sn12921,1
sn12923,1
sn12924,1
sn12925,1
sn12927,1
sn19033,1
sn19035,1
sn19063,1
sn19143,1
sn22021,1
sn22119,1
sn2355,1
sn2357,1
sn2362,1
sn2365,1
sn2371,1
sn2373,1
sn2378,1
sn2379,1
sn2381,1
sn2418,1
sn2420,1
sn2421,1
sn2422,1
sn2423,1
sn2425,1
sn2426,1
sn2427,1
sn2428,1
sn2429,1
sn2430,1
sn2432,1
sn2433,1
sn2434,1
sn2436,1
sn3380,1
sn3441,1
sn6278,1
sn6279,1
sn6280,1
sn6282,1
sn6309,1
snmr,1
snowdata,1
snowfence,1
snowfences,1
snowonseaice.csv,1
snowonseaice.nc,1
snowpits,1
snowremvoalmethod,1
soilnitrogen,1
soilnitrogen2016,1
soilnutrients,1
soilrespiration,1
soilsdata.csv,1
soilsdesc.csv,1
soiltemps.csv,1
solid,1
solids.csv,1
solutes.csv,1
solution,1
som.csv,1
sources.xlsx,1
southsli,1
species.csv,1
specific,1
specs.csv,1
spectra,1
spp,1
spruce,1
sr,1
ss.csv,1
ss1,1
ss2,1
ss3,1
ss4,1
sse,1
st.csv,1
st1,1
st11,1
st3,1
st7,1
st8,1
stablecarbonnitrogenisotopes.csv,1
staff.csv,1
stand,1
stanresults.csv,1
star,1
staroddi,1
static,1
stationdata.csv,1
stemht.csv,1
sterols.csv,1
stnd1,1
stnd2,1
stomatal,1
stream,1
stress.csv,1
sts,1
submission.csv,1
subplot,1
success.csv,1
summit2013,1
summitbid,1
summitsnowdensity,1
summitsnowgrains,1
summitsnowtemperature,1
super16data.csv,1
surf.tif,1
survey.csv,1
susceptibility,1
susp,1
sv1,1
svalbard,1
sw1,1
sw2,1
sw4,1
sw5,1
sw6,1
sw7,1
sw8,1
swgreenland.csv,1
swgreenland.xlsx,1
swl15,1
swl16,1
swl2012,1
swl2013,1
swl2014,1
swl2016,1
swt,1
synthetic,1
t1stemht.csv,1
t2stemht.csv,1
t3stemht.csv,1
t4boreholedata.csv,1
t4boreholedata.xlsx,1
table.txt,1
table2,1
table4,1
tag,1
taylor2017,1
tbl3.10,1
tbl3.11,1
tbl3.12,1
tbl3.13,1
tbl3.1a,1
tbl3.1b,1
tbl3.2a,1
tbl3.2b,1
tbl3.2c,1
tbl3.3,1
tbl3.4a,1
tbl3.4b,1
tbl3.4c,1
tbl3.5,1
tbl3.6,1
tbl3.7,1
tbl3.8,1
tbl3.9,1
tc,1
templogger,1
temploggerdata.csv,1
tephra,1
tephras,1
test,1
tfs1011,1
tfs1415,1
tfs1616,1
thaw.csv,1
thawdepth.csv,1
therm.csv,1
thickness,1
thickness.txt,1
thicknssfroznlayr.csv,1
thru20100305,1
thule2017spring.pdf,1
thuleafb,1
tidbitdepths.txt,1
tidbitwatertemperature,1
tiller,1
tilt124,1
tilt125,1
tilt126,1
time.csv,1
tippingbucket,1
togiakdebitage.csv,1
togiakradiocarbon.csv,1
tooliklakeprecipitationisotopes.csv,1
toolikleafisotopes.csv,1
toolikprecipisotopes.csv,1
tooliksoilisotopes.csv,1
total.csv,1
tr3,1
trace,1
traceelements.csv,1
tracer,1
transect,1
transect.xlsx,1
transects.csv,1
transects.xlsx,1
transpiration.csv,1
trap.csv,1
traps.csv,1
tritium.csv,1
truffer.csv,1
tubuk,1
tubuktulik,1
tunu13,1
tunuvadataadc.csv,1
tussock.csv,1
twlv.dat,1
txyuvpt2013,1
type,1
types.txt,1
u10,1
u42,1
u44,1
u46,1
u47,1
u51,1
u55,1
u57,1
u58,1
u94,1
u95,1
ucb,1
uf,1
ufarm.csv,1
uls,1
umiat,1
uncertainty.csv,1
understory,1
underway.txt,1
units.zip,1
update.csv,1
updated.csv,1
updatedchla.csv,1
upingers.csv,1
upperkuparuk,1
upstrsporadicdischarge,1
us36,1
us43,1
us49,1
us50,1
utm5,1
v0.1,1
v041116,1
v10,1
v21,1
va,1
va108,1
va152,1
vaginatum,1
valley,1
variables.csv,1
veg,1
vegbiomass,1
vegcover,1
vege,1
vegetation,1
vegetation.csv,1
vegetationheight2015,1
vegpercentcover,1
vegplots.csv,1
vegplots.xlsx,1
vertical,1
vf.csv,1
viable,1
viablearea.rar,1
village.csv,1
viral,1
virkkala,1
voc,1
volumetric,1
vspeedmismatch,1
vulcan,1
vviper,1
waisdivide,1
watercolumn.csv,1
waterisotopes.csv,1
watertemp.csv,1
wave,1
wavelogger,1
wavelogger2,1
waveloggertemperature,1
wd1,1
wdn,1
weir.csv,1
west,1
westgreenland2013wm1,1
westgreenland2013wm2,1
wet,1
wfps.csv,1
wg2013adcp.nc,1
wg2013ctd.nc,1
wind.ring.widths.long.csv,1
winterco2flux,1
wl.csv,1
woodyspecies.csv,1
world,1
ws10,1
wsl.csv,1
wt1procarchive,1
wt1procarchive.nc,1
wt2procarchive,1
wt2procarchive.nc,1
www10,1
www11,1
www12,1
xjw.csv,1
xrf,1
xrf.csv,1
y4,1
yakutsk,1
ydholomayewski.csv,1
yield,1
young.xlsx,1
yub,1
yyddd,1
zl.txt,1
zodiac,1
zp.txt,1
zport,1
zs.txt,1
18o,1
