token,n,unique_ids,unique_authors
csv,2321,582,127
cdf,1542,101,6
qc,1453,3,2
ru,893,5,3
smtfm02,750,1,1
smtfm10,680,1,1
nc,641,35,22
06,539,22,9
2016,481,93,39
data.csv,461,138,29
01,442,25,10
sonic,400,1,1
03,397,10,6
dspk,392,1,1
unflag.txt,392,1,1
daily.csv,391,9,2
2015,385,85,38
10,381,13,6
05,367,15,8
31,337,11,5
2019,326,40,24
2018,312,58,31
cnv,310,17,12
2017,301,64,33
txt,277,47,27
08,260,19,8
dat,260,11,3
scarfs2016,253,1,1
12,244,25,8
17,236,17,8
07,229,19,6
xtf,205,1,1
ctd,189,17,12
5,188,12,9
1,177,42,34
6,177,10,7
13,175,18,5
11,173,11,5
data,162,75,46
scarfs2015,152,1,1
09,148,13,5
2014,142,65,32
ice,136,16,16
cr3000,135,7,1
irr,135,7,1
gtr,134,1,1
jc,131,1,1
2013,124,52,26
lake,124,24,11
final,123,65,5
bathy,122,61,1
2,117,32,24
single.csv,116,2,1
nsidc.csv,115,2,1
temperature,115,111,7
skq201612s,109,4,2
16,107,19,10
toolik,107,24,12
04,106,12,7
mass,106,106,3
balance,104,104,1
meteorological,104,104,1
position,104,104,1
14,103,10,5
3,101,17,14
0,99,10,4
v1,89,26,4
2012,87,43,23
19,86,9,7
4,85,15,12
gris,84,8,2
1000,82,7,1
101,82,10,3
rcp,82,7,1
v3a,82,7,1
cadis.csv,79,1,1
7,78,8,6
15,76,13,7
barrow,76,38,6
rov1,74,1,1
imnavait,73,9,5
8,72,7,5
base,71,12,8
001,69,14,5
1703,68,1,1
17n,67,1,1
17o,67,1,1
2010,67,28,20
id,67,8,4
station,65,33,13
adc.csv,64,64,4
deep,63,63,2
atqasuk,62,28,4
30min,61,1,1
arctic,61,25,10
area.zip,61,61,1
hypsography.csv,61,61,1
interp.zip,61,61,1
perimeter.zip,61,61,1
points.zip,61,61,1
sonar,61,61,1
spots.zip,60,60,1
dcc,59,7,2
winter,56,23,3
1979,55,5,5
2009,55,21,13
a09,55,4,1
orcutt,54,9,1
102,53,9,4
od1507,53,3,3
87,52,1,1
aon,52,33,6
d2019,52,1,1
26,51,10,6
30,51,7,2
m1,49,3,1
app,47,3,1
ctd.txt,47,2,2
suib,47,1,1
2011,46,25,16
table,46,45,14
dbo,44,35,12
bl,43,3,2
temperature.csv,43,24,5
iceberg,42,1,1
meltinfo.txt,42,1,1
96,40,1,1
itex,40,17,2
missing.csv,40,40,1
0002,39,4,2
0008,39,5,3
ctrl,39,1,1
line00,39,1,1
contours.zip,38,38,1
crevasse,38,1,1
line01,38,1,1
0009,37,4,2
sea,37,3,3
sizes,37,1,1
v2,37,10,7
bin,36,1,1
ic,36,33,4
line02,36,1,1
arcsees,35,2,1
sbe37,35,2,2
viper,35,8,2
zip,35,9,9
hr.tif,34,1,1
daily,33,5,5
skq201711s,33,2,1
dpen3,32,1,1
portrefugio,32,1,1
seasonal,32,1,1
soil,32,21,17
strdprctc,32,2,1
swk,32,4,1
transition,32,1,1
ts,32,3,1
brw,31,18,5
logger,31,1,1
mat,31,3,3
0007,30,5,3
18,30,11,6
eddy,30,1,1
water,30,21,18
0006,29,5,3
dem,29,2,2
strainrate,29,1,1
0020,28,5,3
10snw3,28,1,1
2007,28,10,8
85,28,5,1
depth,28,13,11
g1800m,28,7,1
line03,28,1,1
misp,28,21,3
portsantacruz,28,1,1
swl,28,5,2
tif,28,9,6
45,27,4,1
ca,27,9,5
coordinates.csv,27,27,10
fbf,27,8,1
n2,27,7,2
report,27,2,2
0017,26,5,3
0019,26,6,3
25,26,10,5
a10,26,4,1
climate,26,7,6
peters,26,3,3
plant,26,11,4
0001,25,4,2
0003,25,4,2
0018,25,4,3
27,25,9,4
arcss,25,9,2
e1,25,7,2
flux,25,6,6
ortho,25,5,2
site,25,23,10
summer,25,18,1
0013,24,4,2
atq,24,12,4
calm,24,12,2
e5,24,7,2
e6,24,7,2
g900m,24,1,1
sbe56,24,1,1
thule2017,24,3,1
002,23,11,5
0022,23,6,3
contour.zip,23,23,1
portdelores,23,1,1
0021,22,5,3
95,22,1,1
asdn,22,1,1
bs3,22,5,1
ch4,22,17,9
dhs,22,8,1
imn,22,4,1
line04,22,1,1
spconductance.csv,22,17,1
0005,21,4,3
0011,21,4,2
0014,21,4,2
2008,21,14,10
21,21,10,6
9,21,4,4
avg.nc,21,1,1
fjord,21,1,1
jun,21,1,1
0010,20,4,2
0012,20,3,2
0015,20,4,2
0023,20,6,3
0025,20,6,3
age,20,2,2
line05,20,1,1
thermistor,20,1,1
tr1,20,1,1
tr2,20,1,1
00,19,3,3
0024,19,6,3
alaska,19,15,6
corrected,19,7,4
density.csv,19,3,3
fa16,19,2,1
oib.txt,19,1,1
sml,19,4,1
snow,19,14,13
summit,19,9,6
005,18,9,5
201118,18,2,1
23,18,6,4
airportsite,18,1,1
cyn,18,1,1
dates,18,3,3
dissoxy.csv,18,16,1
m3f,18,2,1
nasa,18,3,1
v73,18,1,1
wv.txt,18,1,1
1993,17,16,7
201,17,8,1
24,17,11,6
2b,17,1,1
attribute,17,17,3
firn,17,4,4
monthly.nc,17,1,1
thaw,17,11,10
0016,16,3,2
1991,16,13,6
1992,16,6,5
2006,16,10,8
a11,16,4,1
bzc,16,8,1
campsite,16,2,1
co2,16,10,10
colleen,16,1,1
core,16,9,9
dating,16,1,1
filecorrected.csv,16,1,1
flux.dat,16,1,1
ozone.csv,16,1,1
periods,16,1,1
scale.csv,16,1,1
scs,16,2,1
spectral.zip,16,16,2
www1202,16,2,2
www1204,16,1,1
zev,16,2,1
0004,15,4,2
0029,15,4,3
0037,15,5,3
02,15,9,7
1980,15,6,6
atmospheric,15,15,1
cloud,15,15,1
crop,15,1,1
dbo5,15,15,8
microphysical,15,15,1
migtk,15,1,1
observatories,15,15,1
properties,15,15,1
rmt,15,4,1
uaf,15,9,2
0035,14,5,3
014,14,9,4
103,14,7,4
2020,14,4,4
5b,14,3,1
99,14,2,2
accumulation,14,5,5
bird.csv,14,1,1
coordinates,14,12,3
council2000,14,1,1
gapfilled,14,14,1
insect.csv,14,1,1
isa,14,5,1
isotopes,14,8,8
mammal.csv,14,1,1
metadata.csv,14,13,6
ongoing,14,5,2
output,14,14,2
siberia,14,13,5
temp.csv,14,12,4
transplant,14,8,3
utqiagvik,14,2,2
003,13,7,4
0034,13,4,3
0036,13,4,3
0049,13,4,2
0051,13,4,2
012,13,9,4
013,13,9,4
20,13,8,5
2005,13,7,7
22,13,8,5
401,13,8,1
ak,13,6,6
alexander,13,13,2
dissolved,13,3,2
flight,13,13,1
information,13,12,6
routes.zip,13,13,1
sedna,13,1,1
0045,12,4,2
2003,12,6,5
28,12,8,4
29,12,5,2
basins,12,2,2
btl,12,2,2
consolidated,12,12,1
council1999,12,1,1
datalogger,12,12,1
esq,12,1,1
g18000m,12,1,1
hrp,12,8,1
hvy,12,8,1
lakee5,12,2,2
m.tif,12,1,1
model,12,2,2
n83,12,1,1
raster.zip,12,12,1
shakan2m,12,1,1
smtaerich1x1,12,12,1
smtcapablx1,12,11,1
smtmplpolx1,12,11,1
smtpossx1,12,11,1
smtsodarx1,12,11,1
smtsondewnpnx1,12,11,1
soilmoisture,12,5,1
u32,12,1,1
upper,12,4,4
v.txt,12,1,1
warm,12,3,1
wdk,12,8,1
xyz,12,1,1
0028,11,3,3
0030,11,3,3
0031,11,3,3
0033,11,4,3
004,11,7,4
0044,11,3,2
0046,11,4,2
006,11,9,6
069,11,11,5
1523,11,11,1
2000,11,7,7
20160408,11,2,2
202,11,4,1
amf,11,11,7
calon.csv,11,2,1
clean,11,1,1
concentrations.zip,11,11,1
esquibel,11,1,1
hh,11,11,7
light.csv,11,9,2
list,11,11,2
met,11,9,7
mooring,11,4,2
north,11,3,3
records,11,4,4
rgb.tif,11,1,1
shakan,11,1,1
smtmmcrmomx1,11,11,1
smtmwrlosx1,11,10,1
terrace,11,1,1
0027,10,4,2
0032,10,3,3
0038,10,4,2
010,10,9,4
016,10,10,5
038,10,10,4
14c,10,8,8
2002,10,8,6
20160413,10,3,3
bc,10,1,1
bf005,10,3,1
bf021,10,4,2
bis,10,5,1
bpr,10,10,2
burn,10,7,4
carlson,10,2,1
community,10,4,2
core16summittraverse1,10,1,1
database,10,7,4
elson,10,3,2
estimates,10,2,2
fa,10,2,2
fluxes,10,3,3
g12b,10,1,1
lower,10,3,3
metadata,10,6,4
pressure.csv,10,10,2
ros,10,1,1
s3,10,3,3
slope,10,2,2
0026,9,3,3
0039,9,2,2
0042,9,4,2
0047,9,4,2
0053,9,2,1
007,9,7,4
025,9,9,4
026,9,9,4
028,9,9,4
031,9,9,4
039,9,9,4
093,9,9,3
1985,9,5,5
1x5,9,3,2
20160427,9,2,2
4b,9,2,1
98,9,2,2
a1,9,6,3
ans,9,1,1
bay,9,3,3
bes,9,3,3
biomass,9,4,3
chukchi,9,2,1
compaction,9,1,1
core8b,9,1,1
diffdem.tif,9,1,1
ecl,9,2,1
final.txt,9,2,2
hourly,9,4,4
ions.csv,9,8,1
isotope,9,5,5
ko,9,1,1
laketimeseries,9,1,1
line06,9,1,1
mcat,9,4,1
ntrl,9,1,1
obs.nc,9,1,1
personnel,9,9,1
petermannglacier,9,1,1
respiration.csv,9,3,2
rho,9,1,1
sbe37sm,9,1,1
slwc,9,1,1
smtvceil25kx1,9,8,1
surface.nc,9,1,1
t2,9,2,2
t3,9,1,1
tutakoke,9,2,2
u31,9,1,1
u74,9,1,1
www1104,9,1,1
000000,8,8,2
0040,8,3,2
0041,8,2,2
0043,8,3,2
0052,8,4,2
011,8,8,5
015,8,7,4
032,8,8,3
033,8,8,3
036,8,8,4
075,8,8,4
115,8,8,2
2001,8,6,6
201209,8,1,1
20160326,8,1,1
20160327,8,1,1
20160328,8,1,1
20160329,8,1,1
20160330,8,1,1
20160331,8,1,1
20160401,8,1,1
20160402,8,1,1
20160403,8,1,1
20160404,8,1,1
20160405,8,1,1
20160406,8,1,1
20160407,8,1,1
20160409,8,1,1
20160410,8,1,1
20160411,8,1,1
20160412,8,1,1
20160414,8,1,1
20160415,8,1,1
20160416,8,1,1
20160417,8,1,1
20160418,8,1,1
20160419,8,1,1
20160420,8,1,1
20160421,8,1,1
20160422,8,1,1
20160423,8,1,1
20160424,8,1,1
20160425,8,1,1
20160426,8,1,1
20160428,8,1,1
20160429,8,1,1
20160430,8,1,1
20160501,8,1,1
20160502,8,1,1
20160503,8,1,1
20160504,8,1,1
20160505,8,1,1
20160506,8,1,1
20160507,8,1,1
20160509,8,1,1
20160510,8,1,1
20160511,8,1,1
20160512,8,1,1
20160513,8,1,1
20160514,8,1,1
2044,8,8,2
301,8,4,1
6hw,8,1,1
apr,8,3,3
b1,8,8,2
badgeley,8,1,1
bf013,8,3,1
bp,8,1,1
buoy,8,3,1
carbon,8,6,5
cesm2,8,1,1
chs,8,8,1
core10spurw,8,1,1
core13core14traverse,8,1,1
core8a,8,1,1
counts,8,1,1
dbo4,8,4,2
density,8,5,4
dimple,8,1,1
discharge,8,7,5
do.csv,8,7,1
dp.csv,8,1,1
e2,8,1,1
e4,8,1,1
eager,8,5,3
eml,8,4,3
etal,8,1,1
flux.csv,8,8,3
fog1,8,1,1
fog2,8,1,1
fog3,8,1,1
fog4,8,1,1
fog5,8,1,1
format,8,1,1
gen3ens,8,1,1
glk,8,8,1
golden,8,1,1
gp8,8,1,1
greencabin,8,1,1
greenland,8,5,5
gth101,8,1,1
gth110,8,1,1
gth153,8,1,1
gth155,8,1,1
gth156,8,1,1
gth157,8,1,1
gth158,8,1,1
gth39,8,1,1
gth58,8,1,1
gth59,8,1,1
gth60,8,1,1
gth61,8,1,1
gth62,8,1,1
gth85,8,1,1
gth86,8,1,1
gth88,8,1,1
gth90,8,1,1
gth91,8,1,1
gth98,8,1,1
hills,8,1,1
hly,8,8,1
horn,8,1,1
island,8,1,1
ivotuk1998,8,1,1
luna,8,1,1
minus,8,1,1
n1,8,1,1
ndvi,8,7,2
ne14,8,1,1
northamerica,8,8,1
perched,8,1,1
pond,8,1,1
precipitation,8,2,2
profiler,8,4,1
qc.txt,8,1,1
readme.txt,8,1,1
reciprocal,8,6,2
s6,8,1,1
sapflow,8,2,2
shrub,8,3,3
snc01,8,1,1
south,8,1,1
species,8,8,4
sum,8,2,2
surface,8,5,5
swamp,8,1,1
tfs,8,1,1
tree,8,5,5
tsp,8,8,1
u22,8,1,1
u23,8,1,1
u24,8,1,1
u25,8,1,1
u26,8,1,1
u27,8,1,1
u28,8,1,1
uas,8,4,1
uptempo,8,1,1
v3,8,1,1
ver1,8,4,1
waccm,8,2,2
wolverine,8,1,1
xlsx,8,8,4
150705,7,1,1
170428,7,1,1
1986,7,5,5
1997,7,6,5
2100,7,3,3
5p15,7,1,1
air,7,6,5
al,7,5,4
alaska.csv,7,1,1
bf009,7,3,1
ch,7,7,1
core11spure,7,1,1
core12spurw,7,1,1
core15core16traverse,7,1,1
cover,7,4,3
cr1000,7,2,1
current,7,6,3
dbo3,7,7,3
detailed,7,3,2
figure,7,1,1
healy,7,4,3
hth,7,1,1
icetemp.txt,7,1,1
intensive,7,1,1
isotopes.csv,7,4,4
ji,7,1,1
leaf,7,5,3
lgd,7,7,1
mb,7,1,1
microclimate,7,3,2
mmwatch,7,3,2
mn,7,1,1
mob,7,4,1
ne12,7,1,1
nh1,7,1,1
no3,7,1,1
npeo,7,1,1
o3,7,4,2
organic,7,4,2
po4,7,1,1
pr,7,2,2
prcp,7,1,1
regimes,7,1,1
river,7,7,5
samples,7,7,2
sc1,7,1,1
se,7,4,2
sediment,7,5,3
seedpredator,7,1,1
sf014,7,3,1
si,7,2,2
simplified,7,1,1
subset,7,4,2
t5,7,1,1
tfw,7,1,1
tif.aux.xml,7,1,1
tif.ovr,7,1,1
u30,7,1,1
u88,7,1,1
wt1,7,1,1
www1002,7,1,1
www1003,7,1,1
www1102,7,1,1
zi,7,1,1
08nsidc.csv,6,1,1
112,6,6,2
116,6,6,2
156,6,6,1
1984,6,4,4
1987,6,4,4
1988,6,4,4
1990,6,4,4
1999,6,5,5
2016jschedlbauer,6,2,1
22nov2013,6,2,1
234,6,1,1
94,6,1,1
a.csv,6,5,2
ablation,6,4,4
activelayer,6,2,1
aln,6,1,1
analysis,6,3,3
aon.txt,6,2,1
b.csv,6,5,2
bc2,6,1,1
bf017,6,3,1
borehole,6,6,5
bottle,6,5,3
bro,6,2,1
brwdoas,6,1,1
canada,6,6,1
center,6,4,3
clpx,6,1,1
column,6,4,2
core11spurw,6,1,1
core12core13traverse,6,1,1
core13spurw,6,1,1
core14core15traverse,6,1,1
core14spurw,6,1,1
core15spurw1,6,1,1
core16spurw,6,1,1
core7core8traverse,6,1,1
core7survey,6,1,1
core8c1,6,1,1
core8spure,6,1,1
core9spiral,6,1,1
cp1,6,3,1
dengrad,6,6,1
dye,6,3,1
edge.tif,6,1,1
eureka,6,6,1
fac10,6,1,1
firnair,6,1,1
g3600m,6,1,1
g4500m,6,1,1
gcm.csv,6,6,1
gisp2d,6,3,3
green.tif,6,1,1
hv,6,1,1
ib,6,1,1
l1,6,2,2
l129,6,1,1
l3,6,2,1
l520,6,1,1
l56,6,1,1
level,6,2,2
lhs,6,6,1
line07,6,1,1
locations,6,6,3
ludwig,6,6,2
lut,6,1,1
manta,6,1,1
mar.tif,6,1,1
melt,6,2,2
meteo,6,1,1
ndvi.tif,6,1,1
nir.tif,6,1,1
niso,6,1,1
nitrogen,6,4,3
nmm3d,6,1,1
olm,6,6,1
phenology,6,4,1
rate,6,1,1
red,6,1,1
red.tif,6,1,1
saddle,6,3,1
sag,6,3,1
sc2,6,1,1
scenario,6,1,1
seaice.dat,6,1,1
sf009,6,3,1
shear.nc,6,1,1
sia,6,1,1
sitesroster.csv,6,6,1
slugtests.csv,6,1,1
southdome,6,3,1
temp,6,4,4
tk,6,2,1
tunu,6,3,1
u29,6,1,1
u34,6,1,1
u41,6,1,1
u60,6,1,1
u69,6,1,1
uff,6,6,1
underway,6,2,2
uppercapsulelake,6,1,1
us78,6,1,1
v20171130,6,1,1
0048,5,3,2
0050,5,2,2
0054,5,2,1
017,5,5,4
12june,5,1,1
160419,5,1,1
164,5,5,1
1983,5,3,3
1989,5,3,3
1998,5,4,4
2004,5,3,3
2007c,5,1,1
2007g,5,1,1
2008c,5,1,1
2081,5,2,2
2ky.txt,5,1,1
31aug,5,1,1
50cm,5,1,1
50cm.tif,5,1,1
90roll3,5,5,1
adcp,5,5,1
adcp300,5,1,1
aquifertest1,5,1,1
bc1,5,1,1
bird,5,1,1
c1,5,5,2
canopy,5,2,2
cesm,5,2,2
continuous,5,5,2
copy,5,1,1
core10core11traverse,5,1,1
core9core10traverse2,5,1,1
czimczik,5,3,1
d18o,5,3,2
dbo6,5,5,3
depth.csv,5,4,4
dischargeandratingcurve.csv,5,1,1
drp,5,1,1
envirodata.csv,5,1,1
ethane.txt,5,1,1
ethaneacetylene,5,1,1
export.txt,5,1,1
fa15,5,2,1
fl005m,5,1,1
fl008m,5,1,1
fl013m,5,1,1
fl016m,5,1,1
fl017m,5,1,1
fl020m,5,1,1
fox,5,5,1
gases,5,1,1
gkn,5,5,1
gps,5,4,4
heath,5,1,1
ivo,5,2,2
keku,5,1,1
kzr,5,5,1
l280,5,1,1
lakefog2,5,1,1
length,5,3,1
low,5,2,2
lr,5,4,2
miniflux,5,1,1
nh2,5,1,1
o2ar.txt,5,5,2
o2calc,5,1,1
petermanniceshelf,5,1,1
pg16,5,1,1
phs,5,5,1
physchem,5,1,1
polaris,5,5,1
pred,5,3,2
profile.csv,5,1,1
root,5,4,3
scarfs,5,3,1
sedimentparameters.csv,5,5,1
sizrs,5,1,1
snc03,5,1,1
snc04,5,1,1
soda,5,1,1
soiltemp,5,2,2
stratigraphy,5,1,1
sumup,5,4,1
t4,5,2,2
tas,5,1,1
taxa.csv,5,5,1
tcm,5,3,3
temperatures,5,3,3
thetao,5,1,1
thule,5,4,4
total,5,3,2
treeline,5,2,2
u39,5,1,1
u40,5,1,1
us77,5,1,1
wt2,5,1,1
www1005,5,1,1
0021a,4,1,1
0055,4,2,1
0057,4,2,1
009,4,4,3
024,4,4,3
053,4,4,4
05301,4,1,1
05401,4,1,1
05501,4,1,1
056,4,4,4
05601,4,1,1
05701,4,1,1
05801,4,1,1
05901,4,1,1
06001,4,1,1
06101,4,1,1
06201,4,1,1
067,4,4,4
068,4,4,4
070,4,4,4
096,4,3,3
098,4,3,3
125,4,2,2
12juneaug,4,1,1
135,4,4,1
150423,4,1,1
1970,4,4,4
1974,4,4,4
1b,4,1,1
2000a,4,1,1
2000b,4,1,1
2001a,4,1,1
2002a,4,1,1
2003a,4,1,1
2003b,4,1,1
2003c,4,1,1
2003d,4,1,1
2003e,4,1,1
2004a,4,1,1
2004b,4,1,1
2004c,4,1,1
2004d,4,1,1
2004e,4,1,1
2005a,4,1,1
2005b,4,1,1
2005c,4,1,1
2005d,4,1,1
2005e,4,1,1
2005f,4,1,1
2006b,4,1,1
2006c,4,1,1
2006d,4,1,1
2006e,4,1,1
2006f,4,1,1
20072008,4,2,1
2007b,4,1,1
2007d,4,1,1
2007e,4,1,1
2007f,4,1,1
2007h,4,1,1
2007i,4,1,1
2007j,4,1,1
2007k,4,1,1
2008a,4,1,1
2008b,4,1,1
2008d,4,1,1
2008e,4,1,1
2008f,4,1,1
2009a,4,1,1
2009d,4,1,1
2009e,4,1,1
2009f,4,1,1
2009g,4,1,1
2010a,4,1,1
2010b,4,1,1
2010c,4,1,1
2010f,4,1,1
2010g,4,1,1
2010h,4,1,1
2011a,4,1,1
2011b,4,1,1
2011c,4,1,1
2011d,4,1,1
2011e,4,1,1
2011f,4,1,1
2011g,4,1,1
2011i,4,1,1
2011j,4,1,1
2011k,4,1,1
2011l,4,1,1
2011m,4,1,1
2012a,4,1,1
2012amkspiderwarmingexperiment,4,1,1
2012b,4,1,1
2012c,4,1,1
2012d,4,1,1
2012e,4,1,1
2012f,4,1,1
2012g,4,1,1
2012h,4,1,1
2012i,4,1,1
2012j,4,1,1
2012l,4,1,1
2012m,4,1,1
2013a,4,1,1
2013b,4,1,1
2013c,4,1,1
2013d,4,1,1
2013e,4,1,1
2013f,4,1,1
2013g,4,1,1
2013h,4,1,1
2013i,4,1,1
2014b,4,1,1
2014c,4,1,1
2014d,4,1,1
2014e,4,1,1
2014f,4,1,1
2014g,4,1,1
2014i,4,1,1
2015a,4,1,1
2015b,4,1,1
2015c,4,1,1
2015d,4,1,1
2015e,4,1,1
2015f,4,1,1
2015g,4,1,1
2015h,4,1,1
2015i,4,1,1
2015j,4,1,1
2015k,4,1,1
2016a,4,1,1
20170510xx00a,4,1,1
20170511xx00a,4,1,1
20170512xx00a,4,1,1
20170513xx00a,4,1,1
20170514xx00a,4,1,1
20170515xx00a,4,1,1
20170516xx00a,4,1,1
20170517xx00a,4,1,1
20170523xx00a,4,1,1
20170524xx00a,4,1,1
20170525xx00a,4,1,1
20170526xx00a,4,1,1
20170527xx00a,4,1,1
20170531xx00a,4,1,1
20170601xx00a,4,1,1
20170602xx00a,4,1,1
20170603xx00a,4,1,1
20170604xx00a,4,1,1
20170606xx00a,4,1,1
20170607xx00a,4,1,1
20170608xx00a,4,1,1
20170609xx00a,4,1,1
20170610xx00a,4,1,1
20170611xx00a,4,1,1
20170612xx00a,4,1,1
20170613xx00a,4,1,1
20170614xx00a,4,1,1
20170615xx00a,4,1,1
20170616xx00a,4,1,1
20170617xx00a,4,1,1
26904,4,2,1
26906,4,2,1
302,4,4,1
71roll1,4,4,1
72roll1,4,4,1
84roll1,4,4,1
88roll1,4,4,1
90roll1,4,4,1
90roll2,4,4,1
91roll2,4,4,1
91roll3,4,4,1
91roll4,4,4,1
92roll1,4,4,1
92roll2,4,4,1
92roll4,4,4,1
92roll5,4,4,1
94roll4,4,4,1
94roll6,4,4,1
95roll3,4,4,1
96roll1,4,4,1
97roll1,4,4,1
97roll2,4,4,1
a2,4,1,1
aci,4,2,1
acoustic,4,4,1
active,4,2,2
alex,4,4,2
aliss,4,3,2
aquifertest2,4,1,1
arenacover,4,1,1
assimilated.csv,4,1,1
bcc,4,1,1
bec,4,1,1
ben,4,1,1
beo,4,1,1
bhs,4,1,1
biomass.csv,4,4,3
blk,4,4,1
bsp,4,1,1
cburn,4,1,1
cfore,4,1,1
cft,4,4,1
chemistry,4,4,4
clm40,4,1,1
cmdl,4,1,1
cnrm,4,1,1
cns,4,1,1
cnsqc,4,1,1
concentrations,4,4,3
core10spure,4,1,1
core13spure,4,1,1
core8c2,4,1,1
core8core9traverse,4,1,1
core9spurw,4,1,1
counts.csv,4,3,3
cover.csv,4,3,3
cpt,4,4,1
cshrb,4,1,1
ctund,4,1,1
d.csv,4,4,2
data.txt,4,4,4
debris,4,2,2
dec,4,2,1
doppler,4,4,1
duck,4,1,1
esm2,4,1,1
exburn,4,1,1
exp,4,4,1
experiment,4,3,2
files,4,4,1
fishcreek,4,1,1
forams.csv,4,1,1
fv2,4,1,1
fw,4,1,1
gal.csv,4,1,1
geochemistry.csv,4,2,2
goni,4,1,1
gpr,4,4,4
historical,4,4,2
hobo,4,3,3
ict,4,2,2
imn.csv,4,1,1
incubation,4,3,2
iva,4,2,1
ja,4,1,1
je,4,1,1
jois,4,1,1
jpc6,4,1,1
kap,4,1,1
kling,4,4,2
ktk,4,4,1
kuparuk,4,3,3
lav,4,1,1
le,4,2,2
lowertr1,4,1,1
macroinfaunal,4,4,1
magnetic,4,1,1
manual.csv,4,3,2
mclane,4,4,1
meierbachtol,4,3,1
microcat,4,4,1
middletr1,4,1,1
model.csv,4,1,1
moored,4,4,1
ms,4,4,1
nests.csv,4,2,2
node1,4,1,1
node2,4,1,1
nom,4,4,1
noresm2,4,1,1
nutrient,4,2,2
o2ar,4,3,1
o2isotope,4,3,1
p0001,4,4,1
p23,4,1,1
parameters.csv,4,4,4
pc04,4,1,1
percent,4,2,2
ph,4,2,2
ptrefugio50cm1,4,1,1
raw,4,1,1
raw.csv,4,1,1
reformatted.csv,4,1,1
region,4,4,1
revised.csv,4,1,1
riparian,4,1,1
rtk,4,1,1
sancruz50cm1,4,1,1
sap,4,4,2
sat,4,1,1
sed,4,3,3
site1,4,1,1
site10,4,1,1
site2,4,1,1
site3,4,1,1
site4,4,1,1
site5,4,1,1
site6,4,1,1
site7,4,1,1
site8,4,1,1
site9,4,1,1
sitelake,4,1,1
snc02,4,1,1
soils.csv,4,1,1
sol,4,1,1
sppdata.csv,4,1,1
st12,4,1,1
study,4,4,2
super,4,1,1
susceptibility.csv,4,1,1
swe,4,2,1
table1,4,3,3
taku,4,4,2
td,4,1,1
teshekpuk,4,2,2
tkhydrodatabase,4,2,1
tlk,4,4,1
tooliklake,4,1,1
u38,4,1,1
u56,4,1,1
uppertr1,4,1,1
us22,4,1,1
us23,4,1,1
us24,4,1,1
us25,4,1,1
us26,4,1,1
us27,4,1,1
us28,4,1,1
us29,4,1,1
us34,4,1,1
us37,4,1,1
us39,4,1,1
waypoints,4,1,1
wb,4,2,1
weintraub,4,1,1
wx2,4,1,1
yukon,4,4,1
0056,3,1,1
0062,3,2,2
008,3,3,3
018,3,3,3
019,3,3,3
020,3,3,3
021,3,3,3
022,3,3,3
027,3,3,3
029,3,3,3
030,3,3,3
037,3,3,3
040,3,3,3
041,3,3,3
042,3,3,3
043,3,3,3
044,3,3,3
045,3,3,3
046,3,3,3
047,3,3,3
048,3,3,3
049,3,3,3
050,3,3,3
051,3,3,3
052,3,3,3
054,3,3,3
055,3,3,3
057,3,3,3
058,3,3,3
059,3,3,3
060,3,3,3
061,3,3,3
062,3,3,3
063,3,3,3
064,3,3,3
065,3,3,3
066,3,3,3
071,3,3,3
072,3,3,3
073,3,3,3
074,3,3,3
081,3,3,3
082,3,3,3
084,3,3,3
085,3,3,3
086,3,3,3
087,3,3,3
107,3,2,2
120216,3,3,1
170903,3,1,1
192,3,3,1
1953,3,2,2
1962,3,3,2
1971,3,3,3
1972,3,3,3
1973,3,3,3
1975,3,3,3
1976,3,3,3
1977,3,3,3
1978,3,3,3
1981,3,3,3
1994,3,3,3
1995,3,3,3
1996,3,3,3
20110411,3,1,1
20140630,3,2,2
20141231,3,3,1
20151231,3,3,1
20161231,3,3,1
20181008,3,1,1
2019ss,3,1,1
33km,3,3,2
501,3,3,1
63,3,1,1
70roll1,3,3,1
70roll2,3,3,1
71roll3,3,3,1
72roll2,3,3,1
72roll4,3,3,1
73roll1,3,3,1
73roll2,3,3,1
73roll3,3,3,1
74roll1,3,3,1
74roll2,3,3,1
74roll3,3,3,1
74roll4,3,3,1
74roll5,3,3,1
75roll1,3,3,1
75roll3,3,3,1
76roll1,3,3,1
77roll1,3,3,1
77roll2,3,3,1
77roll3,3,3,1
77roll4,3,3,1
77roll5,3,3,1
77roll6,3,3,1
78roll1,3,3,1
78roll2,3,3,1
78roll3,3,3,1
78roll4,3,3,1
78roll5,3,3,1
79roll1,3,3,1
79roll2,3,3,1
79roll3,3,3,1
79roll4,3,3,1
79roll5,3,3,1
79roll6,3,3,1
80roll1,3,3,1
80roll2,3,3,1
80roll3,3,3,1
81roll1,3,3,1
81roll2,3,3,1
86roll1,3,3,1
87roll1,3,3,1
92roll3,3,3,1
93roll1,3,3,1
93roll3,3,3,1
93roll4,3,3,1
94roll1,3,3,1
94roll2,3,3,1
94roll3,3,3,1
94roll5,3,3,1
95roll1,3,3,1
95roll2,3,3,1
a1.20110101.000000,3,3,2
a1.20120101.000000,3,3,2
acids.csv,3,1,1
acomm,3,1,1
adcp75,3,1,1
agashashok,3,3,1
alignment.csv,3,1,1
allleaves,3,3,1
alongfjordstudy.nc,3,1,1
archive,3,1,1
arcticdatacenter.csv,3,1,1
asr2,3,1,1
august2015,3,3,1
baffin,3,2,2
basal,3,1,1
base.txt,3,1,1
bg1516,3,3,1
bg1617,3,3,1
bg1718,3,3,1
birch,3,2,2
boreholedilution.csv,3,1,1
bw,3,3,1
c14,3,3,3
camp,3,2,2
campos,3,3,1
canopy.csv,3,1,1
cas,3,1,1
catchment,3,1,1
cfsr,3,1,1
cmp,3,3,1
cnvqc,3,1,1
colorregions,3,1,1
conductivity.csv,3,3,1
connectivity,3,1,1
core1,3,2,2
core10spiral,3,1,1
core11core12traverse,3,1,1
core11spiral,3,1,1
core12spure,3,1,1
core15spiral,3,1,1
core16spiral,3,1,1
core16summittraverse2,3,1,1
core2,3,2,2
core8spurw,3,1,1
core9core10traverse1,3,1,1
core9spure,3,1,1
corr.csv,3,3,1
countsummary.csv,3,1,1
creek,3,2,2
cwd,3,2,2
datecut.csv,3,1,1
dboregionscolor,3,1,1
depths.csv,3,1,1
df003,3,1,1
dhw,3,3,1
druffel,3,3,1
dtlb,3,2,2
ec,3,2,2
ecosystem,3,2,2
enspctl16,3,1,1
enspctl5,3,1,1
enspctl50,3,1,1
enspctl84,3,1,1
enspctl95,3,1,1
era5,3,1,1
erai,3,1,1
expburn,3,3,1
experimental,3,2,2
ext,3,1,1
extensive,3,1,1
fcw,3,1,1
federov,3,1,1
finedead,3,1,1
finelive,3,1,1
fiord,3,3,1
foliar,3,3,3
frost,3,1,1
g600m,3,1,1
g9000m,3,1,1
gdb.rar,3,2,2
gisp2b,3,2,2
glacier,3,2,2
gr,3,1,1
gro,3,2,2
growth,3,3,3
gt125,3,1,1
height,3,3,3
hi.nc,3,1,1
hour,3,3,1
imnaviat,3,3,2
inigok,3,2,2
jra55,3,1,1
khromov,3,1,1
kotzebue,3,3,2
kup,3,1,1
kzb,3,3,1
lai,3,2,2
laser,3,1,1
lemming,3,1,1
lomo09,3,1,1
marshall,3,1,1
measurements,3,2,2
merged.csv,3,1,1
merra,3,1,1
met.csv,3,2,2
meteo.csv,3,1,1
mjolnir,3,3,1
mmwatchdata,3,1,1
moisture,3,3,2
mossdimensions.csv,3,1,1
mt.txt,3,1,1
nabos,3,1,1
negis,3,1,1
nicegain,3,1,1
nicelose,3,1,1
nl,3,1,1
noaa.rwl,3,3,1
northern,3,3,3
nsf.csv,3,2,2
nsfadc,3,3,1
oa3,3,1,1
occasional,3,3,1
oksgain,3,1,1
okslose,3,1,1
os,3,1,1
oxygen,3,1,1
pamir,3,1,1
passive,3,1,1
plot,3,3,3
pumpwell,3,1,1
r1,3,1,1
radar,3,1,1
radiation,3,2,2
rates,3,2,2
rbr,3,2,2
recap,3,2,1
recruit,3,1,1
regions.csv,3,1,1
reindeer,3,2,2
releve,3,1,1
res,3,1,1
results.csv,3,2,2
rev01,3,1,1
ru13,3,1,1
runoff,3,3,3
rusalca,3,1,1
s1,3,3,3
sampling,3,3,3
scass,3,1,1
sf6,3,2,2
shapefile.zip,3,3,3
shorebird,3,1,1
simplified.csv,3,1,1
smtceilx1,3,3,1
snowpack,3,1,1
ss,3,1,1
stable,3,2,2
stations.csv,3,1,1
stem,3,1,1
stninfo,3,3,1
suicide,3,1,1
suna,3,1,1
survey,3,2,2
surveys.csv,3,2,2
tables,3,2,1
tdr,3,1,1
tedesco,3,1,1
temperatures.csv,3,1,1
tes,3,1,1
time,3,2,2
tndr.txt,3,3,1
totals.csv,3,1,1
u33,3,1,1
u37,3,1,1
u43,3,1,1
u49,3,2,2
u50,3,2,2
u61,3,1,1
u68,3,1,1
uci,3,2,2
understory.csv,3,1,1
us30,3,1,1
us33,3,1,1
us38,3,1,1
us40,3,1,1
us42,3,1,1
us60,3,1,1
usgs,3,1,1
wain,3,1,1
water.csv,3,3,3
weather,3,1,1
wgs84,3,2,2
woody,3,2,2
wtd,3,2,2
wx1,3,1,1
xlinebb,3,1,1
xliner,3,1,1
yd,3,1,1
000100,2,2,1
0058,2,1,1
0059,2,2,1
0060,2,2,1
0061,2,1,1
0063,2,2,1
0064,2,2,1
0065,2,2,1
023,2,2,2
034,2,2,2
035,2,2,2
05301avg.cnv,2,2,2
05401avg.cnv,2,2,2
05501avg.cnv,2,2,2
05601avg.cnv,2,2,2
05701avg.cnv,2,2,2
05801avg.cnv,2,2,2
05901avg.cnv,2,2,2
06001avg.cnv,2,2,2
06101avg.cnv,2,2,2
0617,2,2,1
076,2,2,2
077,2,2,2
078,2,2,2
079,2,2,2
080,2,2,2
083,2,2,2
088,2,2,2
089,2,2,2
090,2,2,2
091,2,2,2
0918,2,2,1
092,2,2,2
094,2,2,2
095,2,2,2
097,2,2,2
099,2,2,2
09snw3,2,1,1
100,2,2,2
121418,2,1,1
12snw3,2,1,1
150731,2,2,1
160805,2,1,1
17core15spurw2,2,1,1
190723,2,1,1
190730,2,1,1
190802,2,1,1
190810,2,1,1
1961,2,2,2
1964,2,2,2
1967,2,2,2
1968,2,2,2
1969,2,2,2
1982,2,2,2
1min.csv,2,1,1
20080302,2,1,1
20110406,2,1,1
20110608,2,1,1
20110629.000000,2,2,1
20120426,2,1,1
20120524,2,1,1
20120524.000000,2,2,1
20120525,2,1,1
20120526,2,1,1
20120527.000000,2,2,1
20120527022,2,1,1
20120529,2,1,1
20120529.000000,2,2,1
20120530.000000,2,2,1
20120531.000000,2,2,1
20120601.000000,2,2,1
20120602.000000,2,2,1
20120606.000000,2,2,1
20120607.000000,2,2,1
20120608.000000,2,2,1
20120609.000000,2,2,1
20120610.000000,2,2,1
20120611.000000,2,2,1
20120612.000000,2,2,1
20120613.000000,2,2,1
20120614.000000,2,2,1
20120615.000000,2,2,1
20120616.000000,2,2,1
20120617.000000,2,2,1
20120618.000000,2,2,1
20120619.000000,2,2,1
20120620.000000,2,2,1
20120621.000000,2,2,1
20120626.000000,2,2,1
20120627.000000,2,2,1
20120630.000000,2,2,1
20120703.000000,2,2,1
20120704.000000,2,2,1
20120706.000000,2,2,1
20120707.000000,2,2,1
20120708.000000,2,2,1
20120709.000000,2,2,1
20120710.000000,2,2,1
20120711.000000,2,2,1
20120712.000000,2,2,1
20120713.000000,2,2,1
20120714.000000,2,2,1
20120715.000000,2,2,1
20120716.000000,2,2,1
20120719.000000,2,2,1
20120720.000000,2,2,1
20120721.000000,2,2,1
20120722.000000,2,2,1
20120725.000000,2,2,1
20120726.000000,2,2,1
20120727.000000,2,2,1
20120728.000000,2,2,1
20120729.000000,2,2,1
20120730.000000,2,2,1
20120731.000000,2,2,1
20120801.000000,2,2,1
20120802.000000,2,2,1
20120803.000000,2,2,1
20120804.000000,2,2,1
20130212.000000,2,2,1
20130213.000000,2,2,1
20130214.000000,2,2,1
20130215.000000,2,2,1
20130220.000000,2,2,1
20130221.000000,2,2,1
20130222.000000,2,2,1
20130223.000000,2,2,1
20130225.000000,2,2,1
20130226.000000,2,2,1
20130228.000000,2,2,1
20130301.000000,2,2,1
20130302.000000,2,2,1
20130303.000000,2,2,1
20130315.000000,2,2,1
20130317.000000,2,2,1
20130326.000001,2,2,1
20130327.000000,2,2,1
20130329.000000,2,2,1
20130331.000000,2,2,1
20130401.000000,2,2,1
20130402.000000,2,2,1
20130403.000000,2,2,1
20130408.000000,2,2,1
20130409.000000,2,2,1
20130414.000000,2,2,1
20130417.000000,2,2,1
20130418.000000,2,2,1
20130420.000000,2,2,1
20130422.000000,2,2,1
20130426.000000,2,2,1
20130428.000000,2,2,1
20130429.000000,2,2,1
20130430,2,1,1
20130430.000000,2,2,1
20130501.000000,2,2,1
20130502.000000,2,2,1
20130504.000000,2,2,1
20130505.000000,2,2,1
20130506.000000,2,2,1
20130507.000000,2,2,1
20130509.000000,2,2,1
20130512,2,1,1
20130518.000000,2,2,1
20130519.000000,2,2,1
20130520.142835,2,2,1
20130521.000000,2,2,1
20130522.000000,2,2,1
20130524.000000,2,2,1
20130525.000000,2,2,1
20130526.000000,2,2,1
20130527.000000,2,2,1
20130528.022025,2,2,1
20130529.000000,2,2,1
20130605,2,1,1
20130609.000001,2,2,1
20130614.000000,2,2,1
20130619.000000,2,2,1
20130620.000000,2,2,1
20130622,2,1,1
20130624.000000,2,2,1
20130625.000000,2,2,1
20130626.000000,2,2,1
20130627.000000,2,2,1
20130630.000000,2,2,1
20130701.000000,2,2,1
20130702.000000,2,2,1
20130703.000000,2,2,1
20130704.000000,2,2,1
20130705.000000,2,2,1
20130706.000000,2,2,1
20130707,2,1,1
20130708.000000,2,2,1
20130710.000000,2,2,1
20130715.000000,2,2,1
20130716.000000,2,2,1
20130717.000000,2,2,1
20130718.000000,2,2,1
20130721.001859,2,2,1
20130722.001900,2,2,1
20130724.000000,2,2,1
20130725,2,1,1
20130727.000000,2,2,1
20130728.000000,2,2,1
20130729.000000,2,2,1
20130730.000000,2,2,1
20130731.000000,2,2,1
20130803.000000,2,2,1
20130804.000000,2,2,1
20130806.000000,2,2,1
20130807.000000,2,2,1
20130808.000000,2,2,1
20130809.000000,2,2,1
20130810.000000,2,2,1
20130811.000000,2,2,1
20130812.000000,2,2,1
20130813.001908,2,2,1
20130814.000000,2,2,1
20130816.000000,2,2,1
20130817.000000,2,2,1
20130818.000000,2,2,1
20130820.000000,2,2,1
20130821.000000,2,2,1
20130822.000000,2,2,1
20130823.000000,2,2,1
20130824.000000,2,2,1
20130825.000000,2,2,1
20130828.000000,2,2,1
20130829.000000,2,2,1
20130830.000000,2,2,1
20130831.000000,2,2,1
20130901.000000,2,2,1
20130902.000000,2,2,1
20130903.000000,2,2,1
20130904.000000,2,2,1
20130905.000000,2,2,1
20130906.000000,2,2,1
20130907.000000,2,2,1
20130908.000000,2,2,1
20130910.000000,2,2,1
20130912.000000,2,2,1
20130913.000000,2,2,1
20130914.000000,2,2,1
20130915.000000,2,2,1
20130916.000000,2,2,1
20130917.000000,2,2,1
20130920.000000,2,2,1
20130921.000000,2,2,1
20130922.000000,2,2,1
20130923.000000,2,2,1
20130924.000000,2,2,1
20130925.000000,2,2,1
20130926.000000,2,2,1
20130927.000000,2,2,1
20130928.000000,2,2,1
20130929.000000,2,2,1
20130930.000000,2,2,1
20131001.000000,2,2,1
20131002.000000,2,2,1
20131003.000000,2,2,1
20131004.000000,2,2,1
20131005.000000,2,2,1
20131006.000000,2,2,1
20131007.000000,2,2,1
20131008.000000,2,2,1
20131009.000000,2,2,1
20131010.000000,2,2,1
20131011.000000,2,2,1
20131015.000000,2,2,1
20131016.000000,2,2,1
20131017.000000,2,2,1
20131018.000000,2,2,1
20131022.000000,2,2,1
20131023.000000,2,2,1
20131024.000000,2,2,1
20131025.000000,2,2,1
20131026.000000,2,2,1
20131027.000000,2,2,1
20131029.000000,2,2,1
20131030.000000,2,2,1
20131031.000000,2,2,1
20131101.000000,2,2,1
20131102.000000,2,2,1
20131103.000000,2,2,1
20131104.000000,2,2,1
20131105.000000,2,2,1
20131106.000000,2,2,1
20131107.000000,2,2,1
20131108.000000,2,2,1
20131109.000000,2,2,1
20131110.000000,2,2,1
20131111.000000,2,2,1
20131112.000000,2,2,1
20131113.000000,2,2,1
20131114.000000,2,2,1
20131115.000000,2,2,1
20131120.120001,2,2,1
20131124.000000,2,2,1
20131127.000000,2,2,1
20131202.000000,2,2,1
20131203.000000,2,2,1
20131205.000837,2,2,1
20131206.000000,2,2,1
20131212.000000,2,2,1
20131215.010014,2,2,1
20131225.000000,2,2,1
20131228.000000,2,2,1
20131229.000000,2,2,1
2013to2015,2,1,1
20140102.004528,2,2,1
20140103.000000,2,2,1
20140107.000000,2,2,1
20140113.004533,2,2,1
20140119.060000,2,2,1
20140208.000000,2,2,1
20140215.000000,2,2,1
20140216.000000,2,2,1
20140218.000000,2,2,1
20140220.000000,2,2,1
20140223.000000,2,2,1
20140224.000000,2,2,1
20140225.000000,2,2,1
20140228.000000,2,2,1
20140301.000000,2,2,1
20140304.000000,2,2,1
20140305.000000,2,2,1
20140306.000000,2,2,1
20140307.000000,2,2,1
20140308.000000,2,2,1
20140309.000000,2,2,1
20140310.000000,2,2,1
20140311.000000,2,2,1
20140312.000000,2,2,1
20140314.000000,2,2,1
20140315.000000,2,2,1
20140316.000000,2,2,1
20140319.000000,2,2,1
20140320.000000,2,2,1
20140321.000000,2,2,1
20140322.000000,2,2,1
20140323.000000,2,2,1
20140324.000000,2,2,1
20140326.000000,2,2,1
20140330.000000,2,2,1
20140331.034358,2,2,1
20140401.000000,2,2,1
20140402.000000,2,2,1
20140403.000000,2,2,1
20140404.000000,2,2,1
20140405.000000,2,2,1
20140406.000000,2,2,1
20140408.000000,2,2,1
20140409.000000,2,2,1
20140410.000000,2,2,1
20140411.000000,2,2,1
20140416.000000,2,2,1
20140417.000000,2,2,1
20140418.000000,2,2,1
20140419.000000,2,2,1
20140420.000000,2,2,1
20140421.000000,2,2,1
20140422.000000,2,2,1
20140424.000000,2,2,1
20140425.000000,2,2,1
20140426.000000,2,2,1
20140428.000000,2,2,1
20140430.000000,2,2,1
20140502.000000,2,2,1
20140503.000000,2,2,1
20140504.000000,2,2,1
20140505.000000,2,2,1
20140508.000000,2,2,1
20140512.000000,2,2,1
20140513.000000,2,2,1
20140514.000000,2,2,1
20140515.000000,2,2,1
20140517.000000,2,2,1
20140518.004731,2,2,1
20140523.000000,2,2,1
20140524.000000,2,2,1
20140525.000000,2,2,1
20140526.000000,2,2,1
20140527.000000,2,2,1
20140528.000000,2,2,1
20140529.000000,2,2,1
20140530.000000,2,2,1
20140531.000000,2,2,1
20140601.000000,2,2,1
20140602.000000,2,2,1
20140603.000000,2,2,1
20140604.000000,2,2,1
20140605.000000,2,2,1
20140607.000000,2,2,1
20140608.000000,2,2,1
20140609.000000,2,2,1
20140610.000000,2,2,1
20140613,2,1,1
20140616,2,2,2
20140616.000000,2,2,1
20140617.000000,2,2,1
20140618.000000,2,2,1
20140619.000000,2,2,1
20140620.000000,2,2,1
20140621.000000,2,2,1
20140622.000000,2,2,1
20140623.000000,2,2,1
20140624.000000,2,2,1
20140625,2,2,2
20140625.000000,2,2,1
20140626.000000,2,2,1
20140627.000000,2,2,1
20140628.000000,2,2,1
20140629.000000,2,2,1
20140630.000000,2,2,1
20140731,2,2,2
20150611,2,1,1
20160519,2,1,1
20170506xx00a,2,1,1
20170507xx00a,2,1,1
20170508xx00a,2,1,1
20170509xx00a,2,1,1
20170522xx00a,2,1,1
20170618xx00a,2,1,1
20170619xx00a,2,1,1
20171231,2,2,1
20180608,2,2,1
20181126,2,2,1
20190812,2,1,1
203,2,2,1
402,2,2,1
5cm.tif,2,2,1
5tm,2,1,1
60min,2,1,1
67roll2,2,2,1
67roll4,2,2,1
860,2,1,1
a.dat,2,2,2
a1.20130101.000000,2,2,1
a1.20140101.000000,2,2,1
a1.20150101.000000,2,2,1
a1.20160101.000000,2,2,1
a1.20170101.000000,2,2,1
a1.20170117.000000,2,2,1
access,2,1,1
acz,2,1,1
aggie,2,2,1
airport,2,2,2
all.txt,2,1,1
alldata,2,2,1
april2015,2,1,1
archive.csv,2,2,2
aufeis,2,1,1
august2017,2,1,1
aw,2,2,1
aydinetaljgr2007,2,1,1
azimuth.csv,2,1,1
b01901avg.cnv,2,2,1
b1.20110101.000307,2,1,1
b1.20110701.000314,2,1,1
bacteria,2,1,1
banding.csv,2,1,1
baseflow,2,2,2
bd,2,2,2
beaufortgyre,2,1,1
beaver,2,2,1
benedict,2,1,1
biolbull.csv,2,1,1
black,2,2,2
blanquet,2,1,1
boulderpatch,2,1,1
braun,2,1,1
bruncin.csv,2,2,1
budget.csv,2,1,1
buoy14,2,1,1
c01801avg.cnv,2,2,1
ca.csv,2,2,2
cah,2,1,1
calon,2,2,2
camden,2,1,1
campbell,2,1,1
canesm5,2,1,1
car,2,1,1
cebp,2,2,2
characteristics.csv,2,2,2
chb,2,1,1
cheat,2,1,1
chlorophyll,2,1,1
chyp,2,1,1
cims.csv,2,1,1
ciss2,2,1,1
cl1,2,1,1
clake,2,1,1
clows,2,1,1
cm2,2,1,1
cm6,2,1,1
cm6a,2,1,1
coldfoot,2,2,2
comparison,2,1,1
composition,2,1,1
concatenated,2,1,1
concentration,2,1,1
conifer,2,1,1
content,2,2,2
content.csv,2,2,2
continuous.csv,2,2,1
core14spiral,2,1,1
core3,2,1,1
core4,2,1,1
core5,2,1,1
core6,2,1,1
core7,2,1,1
cores,2,2,2
count,2,2,2
count1969,2,1,1
crumpetal2020,2,1,1
cs17,2,1,1
cs8r,2,1,1
csm2,2,1,1
ct,2,1,1
ctd1,2,2,1
ctd10,2,2,1
ctd100,2,2,1
ctd101,2,2,1
ctd102,2,2,1
ctd103,2,2,1
ctd104,2,2,1
ctd105,2,2,1
ctd106,2,2,1
ctd107,2,2,1
ctd108,2,2,1
ctd109,2,2,1
ctd11,2,2,1
ctd110,2,2,1
ctd111,2,2,1
ctd112,2,2,1
ctd113,2,2,1
ctd114,2,2,1
ctd115,2,2,1
ctd116,2,2,1
ctd117,2,2,1
ctd118,2,2,1
ctd119,2,2,1
ctd12,2,2,1
ctd120,2,2,1
ctd121,2,2,1
ctd122,2,2,1
ctd123,2,2,1
ctd124,2,2,1
ctd125,2,2,1
ctd126,2,2,1
ctd127,2,2,1
ctd128,2,2,1
ctd129,2,2,1
ctd13,2,2,1
ctd130,2,2,1
ctd131,2,2,1
ctd132,2,2,1
ctd133,2,2,1
ctd134,2,2,1
ctd135,2,2,1
ctd136,2,2,1
ctd137,2,2,1
ctd138,2,2,1
ctd139,2,2,1
ctd14,2,2,1
ctd140,2,2,1
ctd141,2,2,1
ctd142,2,2,1
ctd143,2,2,1
ctd144,2,2,1
ctd145,2,2,1
ctd146,2,2,1
ctd147,2,2,1
ctd148,2,2,1
ctd149,2,2,1
ctd15,2,2,1
ctd150,2,2,1
ctd151,2,2,1
ctd152,2,2,1
ctd16,2,2,1
ctd17,2,2,1
ctd18,2,2,1
ctd19,2,2,1
ctd2,2,2,1
ctd20,2,2,1
ctd21,2,2,1
ctd22,2,2,1
ctd23,2,2,1
ctd24,2,2,1
ctd25,2,2,1
ctd26,2,2,1
ctd27,2,2,1
ctd28,2,2,1
ctd29,2,2,1
ctd3,2,2,1
ctd30,2,2,1
ctd31,2,2,1
ctd32,2,2,1
ctd33,2,2,1
ctd34,2,2,1
ctd35,2,2,1
ctd36,2,2,1
ctd37,2,2,1
ctd38,2,2,1
ctd39,2,2,1
ctd4,2,2,1
ctd40,2,2,1
ctd41,2,2,1
ctd42,2,2,1
ctd43,2,2,1
ctd44,2,2,1
ctd45,2,2,1
ctd46,2,2,1
ctd47,2,2,1
ctd48,2,2,1
ctd49,2,2,1
ctd5,2,2,1
ctd50,2,2,1
ctd51,2,2,1
ctd52,2,2,1
ctd53,2,2,1
ctd54,2,2,1
ctd55,2,2,1
ctd56,2,2,1
ctd57,2,2,1
ctd58,2,2,1
ctd59,2,2,1
ctd6,2,2,1
ctd60,2,2,1
ctd61,2,2,1
ctd62,2,2,1
ctd63,2,2,1
ctd64,2,2,1
ctd65,2,2,1
ctd66,2,2,1
ctd67,2,2,1
ctd68,2,2,1
ctd69,2,2,1
ctd7,2,2,1
ctd70,2,2,1
ctd71,2,2,1
ctd72,2,2,1
ctd73,2,2,1
ctd74,2,2,1
ctd75,2,2,1
ctd76,2,2,1
ctd77,2,2,1
ctd78,2,2,1
ctd79,2,2,1
ctd8,2,2,1
ctd80,2,2,1
ctd81,2,2,1
ctd82,2,2,1
ctd83,2,2,1
ctd84,2,2,1
ctd85,2,2,1
ctd86,2,2,1
ctd87,2,2,1
ctd88,2,2,1
ctd89,2,2,1
ctd9,2,2,1
ctd90,2,2,1
ctd91,2,2,1
ctd92,2,2,1
ctd93,2,2,1
ctd94,2,2,1
ctd95,2,2,1
ctd96,2,2,1
ctd97,2,2,1
ctd98,2,2,1
ctd99,2,2,1
cumberlandp,2,1,1
cwood,2,1,1
d01701avg.cnv,2,2,1
dalton,2,2,2
dams,2,2,1
data.tsv,2,2,2
datasets,2,1,1
dates.csv,2,2,2
daugaardjensen,2,1,1
dbo.txt,2,2,1
decagon,2,1,1
definition,2,2,2
deltao2toar,2,2,1
denali,2,1,1
destination,2,1,1
df001,2,1,1
diatoms,2,2,2
dic,2,2,1
dietrich,2,2,1
disko2015,2,1,1
doc,2,2,1
domain,2,2,2
downcore,2,1,1
dry,2,2,1
drypehr,2,2,2
dsa,2,1,1
e.vaginatum,2,1,1
e02101avg.cnv,2,2,1
earth3,2,1,1
eastern,2,2,1
effort.csv,2,2,2
elevation,2,2,2
elodea,2,1,1
energy,2,1,1
env,2,1,1
envirhrly,2,1,1
enviro,2,1,1
enviro.csv,2,1,1
equilibrium,2,1,1
equivalent,2,2,2
esm1,2,1,1
estuary,2,2,1
evrt1980,2,2,1
exchange,2,2,2
export,2,2,2
f02201avg.cnv,2,2,1
farmstead,2,1,1
fbd,2,1,1
feb.csv,2,1,1
fetch,2,1,1
field,2,1,1
file,2,2,1
fine,2,1,1
fishscape,2,2,1
flow,2,1,1
flx,2,1,1
forest,2,1,1
forr.csv,2,1,1
friedman2012,2,1,1
ftp,2,1,1
fuel,2,1,1
g02301avg.cnv,2,2,1
g08,2,1,1
garden,2,2,2
gasses,2,2,1
gc2015,2,1,1
gem,2,2,1
geojson,2,1,1
gert,2,2,1
ghaas,2,2,2
gi,2,1,1
glacial,2,1,1
glucose,2,2,1
gmp343,2,1,1
greeenland,2,1,1
greenland.csv,2,2,2
gtc08,2,1,1
gtc09,2,1,1
gtc10,2,1,1
gtc11,2,1,1
gtc12,2,1,1
gtc13,2,1,1
gtc14,2,1,1
gtc15,2,1,1
gtc16,2,1,1
h02401avg.cnv,2,2,1
haroldmoltke,2,1,1
hba,2,2,1
hdr,2,2,1
headless.csv,2,2,1
healy2017,2,2,1
height.csv,2,1,1
heimdal,2,1,1
helheim,2,1,1
hg.csv,2,1,1
highway,2,2,2
hly02,2,2,2
hly1103,2,2,1
hly1702,2,1,1
hunter,2,2,2
hv1,2,1,1
ibp,2,1,1
icecoretracegasdata,2,1,1
icpms,2,1,1
igdlugdlip,2,1,1
ignition,2,2,2
iii,2,1,1
iliamna,2,1,1
imat,2,1,1
imnt,2,1,1
imoss,2,1,1
inc20,2,1,1
inc30,2,1,1
inc40,2,1,1
inclination.csv,2,1,1
info.csv,2,2,2
information.csv,2,2,2
infra,2,1,1
ingia,2,1,1
ini,2,1,1
invertebrate,2,1,1
io1,2,1,1
ion,2,2,2
ipg,2,1,1
ipr,2,1,1
ipsl,2,1,1
irid.csv,2,2,1
ishrb,2,1,1
jakobshavn,2,1,1
jan.csv,2,1,1
jones,2,2,1
july2018,2,1,1
june.csv,2,1,1
juneaug,2,1,1
jwacs,2,1,1
kadko,2,1,1
kangerdlugssuaq,2,1,1
kb,2,1,1
kogebugt,2,1,1
kongoscar,2,1,1
krause,2,2,2
kvile2019,2,1,1
l129ff,2,1,1
lab,2,1,1
lability,2,2,1
laboratory,2,2,1
lakewater,2,2,1
landscape,2,1,1
lapa,2,1,1
larix,2,2,2
lasez,2,1,1
ldocdata,2,2,1
levels.csv,2,1,1
line08,2,1,1
lline1,2,1,1
lm,2,1,1
location,2,2,2
location.csv,2,2,2
locationcodes,2,2,1
lomas,2,2,2
loring,2,1,1
loss,2,2,2
lowell,2,1,1
ltoc,2,2,1
lysimeter.csv,2,2,2
m2,2,2,1
maggadan,2,1,1
main,2,1,1
major,2,2,2
mar.csv,2,1,1
mask,2,1,1
master,2,2,2
matter,2,1,1
max,2,1,1
may.csv,2,1,1
meltlayerdata,2,1,1
meta,2,2,2
meter,2,2,2
mgca.csv,2,2,1
microbial,2,2,2
midgard,2,1,1
min,2,1,1
mineralogy.csv,2,1,1
mm,2,1,1
mmol,2,1,1
mmp,2,2,2
modelled,2,2,2
moderate,2,1,1
monthly,2,1,1
moss,2,2,2
mri,2,1,1
n2o,2,2,2
navsnc,2,1,1
nh4,2,1,1
niagara,2,1,1
nline1,2,1,1
nmtn,2,1,1
norseman2,2,1,1
nox,2,1,1
nr01mu,2,1,1
nr02mu,2,1,1
nr03mu,2,1,1
nr04mu,2,1,1
nr05mu,2,1,1
nr06mu,2,1,1
nr07mu,2,1,1
nr08mu,2,1,1
nr09mu,2,1,1
nr10mu,2,1,1
nr12mu,2,1,1
nr14mu,2,1,1
nr15mu,2,1,1
nr16mu,2,1,1
nr17mu,2,1,1
nr18mu,2,1,1
nsf,2,2,2
nutrients.csv,2,2,2
nutritional,2,1,1
nuus,2,1,1
obswell,2,1,1
obswell1,2,1,1
obswell2,2,1,1
oc,2,2,2
out.csv,2,1,1
ozone,2,1,1
p1,2,1,1
pa,2,1,1
particulate,2,1,1
pdd,2,1,1
peat,2,2,2
peninsula,2,2,2
percentc,2,1,1
percentn,2,1,1
permafrost.csv,2,2,1
pg03,2,1,1
pg26,2,1,1
physiochemistry,2,1,1
pigment,2,1,1
plfa,2,1,1
polarbiol2017,2,1,1
pom,2,1,1
port,2,1,1
precip,2,2,2
predator,2,1,1
processed,2,2,2
ps94,2,2,2
qxrd,2,1,1
qzc,2,2,1
r2,2,1,1
rcp45,2,1,1
rcp85,2,1,1
record,2,2,2
records.csv,2,2,2
records.txt,2,2,1
reflectance,2,2,2
relative,2,2,2
report.pdf,2,2,2
repository,2,1,1
results.txt,2,1,1
rhb1505,2,1,1
ring,2,2,2
rink,2,1,1
rs34,2,1,1
russell,2,1,1
ryder,2,1,1
sagwon,2,2,1
salinity,2,2,2
salts,2,1,1
sami57,2,1,1
sample,2,2,2
script,2,2,1
sedoc,2,1,1
segl,2,1,1
selawik,2,1,1
sensor,2,1,1
sequence,2,2,2
sf,2,1,1
shading,2,1,1
shrubs,2,1,1
sikuliaq,2,2,1
sims.csv,2,2,1
site13,2,1,1
site14,2,1,1
site15,2,1,1
site16,2,1,1
site17,2,1,1
site18,2,1,1
skq201712s,2,1,1
sl1,2,2,2
sl2,2,2,2
sl3,2,2,2
sl4,2,2,2
sla,2,2,1
slie,2,1,1
smtaerisummaryx1,2,2,1
smtmet.qc,2,2,1
smv,2,1,1
sn10527,2,1,1
sn10528,2,1,1
sn12926,2,1,1
sn12928,2,1,1
sn12929,2,1,1
sn12960,2,1,1
sn6158,2,1,1
sn6284,2,1,1
snowdepth,2,2,2
soil.csv,2,2,2
soilgasdata,2,2,1
soilrespirationdata,2,2,1
soilrespirationdatabase,2,2,1
soils,2,2,2
solubles.csv,2,1,1
sonde,2,1,1
spatial,2,2,2
spc14,2,1,1
spp.csv,2,1,1
srftpco2,2,1,1
srfund,2,1,1
ssc,2,2,1
stats.txt,2,2,2
sube,2,1,1
subice,2,2,1
suharnaya,2,2,1
summary,2,1,1
summary.csv,2,2,2
summary2017,2,1,1
summary2018,2,1,1
summer2014,2,1,1
swl2015,2,2,1
t1,2,1,1
t1percov,2,1,1
t2percov,2,1,1
t3percov,2,1,1
ta,2,2,1
table.csv,2,2,2
table3,2,2,2
table5,2,1,1
table6,2,1,1
tac.csv,2,2,1
taiga.txt,2,1,1
tem.csv,2,2,2
tem.kml,2,2,2
tempcond,2,1,1
tfs2011,2,1,1
thawdepth,2,2,2
thru20100304,2,1,1
tilt,2,2,2
time.txt,2,1,1
toacadis,2,2,1
toi,2,1,1
transcriptome,2,1,1
transport,2,1,1
trees,2,2,2
tundra,2,2,2
tundra.txt,2,1,1
tussock,2,2,1
u35,2,1,1
u66,2,1,1
ua3,2,1,1
umiamako,2,1,1
underwayo2,2,2,1
upernaviknorth,2,1,1
upernaviksouth,2,1,1
us53,2,1,1
us56,2,1,1
us58,2,1,1
v012,2,2,1
v20171129,2,1,1
vaisala,2,1,1
values.csv,2,2,2
vapor,2,2,2
variables,2,1,1
velocity.csv,2,1,1
volume.csv,2,1,1
vulnerability,2,1,1
vwc,2,1,1
wacp,2,2,1
wais,2,1,1
watershed,2,2,2
wdc05a,2,1,1
wdc06a,2,1,1
wh,2,2,1
wind,2,2,1
wood,2,2,2
xlinew,2,1,1
xls,2,2,2
xuelong,2,2,1
ykd,2,2,2
ysi,2,1,1
z192cm.tif,2,1,1
zachariae,2,1,1
00.872,1,1,1
000009,1,1,1
000012,1,1,1
000014,1,1,1
000041,1,1,1
000122,1,1,1
0069,1,1,1
0070,1,1,1
0097439,1,1,1
01.872,1,1,1
012218,1,1,1
0168711,1,1,1
02.872,1,1,1
03.872,1,1,1
033117,1,1,1
03uw,1,1,1
04.872,1,1,1
05.27.2018,1,1,1
05201avg.cnv,1,1,1
054430,1,1,1
061019,1,1,1
061219,1,1,1
061419,1,1,1
061620,1,1,1
061913,1,1,1
06201avg.cnv,1,1,1
062418,1,1,1
064811,1,1,1
070857,1,1,1
071318,1,1,1
073019,1,1,1
073119,1,1,1
0801,1,1,1
080519,1,1,1
080531,1,1,1
080619,1,1,1
080719,1,1,1
0808cg044,1,1,1
080919,1,1,1
081019,1,1,1
081119,1,1,1
081519,1,1,1
0818,1,1,1
084553,1,1,1
0911,1,1,1
091312,1,1,1
0917,1,1,1
091944,1,1,1
0d1507,1,1,1
104,1,1,1
105,1,1,1
106,1,1,1
107m,1,1,1
107m.txt,1,1,1
108,1,1,1
109,1,1,1
10bedata.csv,1,1,1
10bedata.xlsx,1,1,1
10m,1,1,1
110,1,1,1
111,1,1,1
111543,1,1,1
113,1,1,1
114,1,1,1
117,1,1,1
118,1,1,1
119,1,1,1
11a,1,1,1
11b,1,1,1
11pcforam.csv,1,1,1
120,1,1,1
121,1,1,1
122,1,1,1
122919,1,1,1
123,1,1,1
124,1,1,1
126,1,1,1
127,1,1,1
128,1,1,1
129,1,1,1
130,1,1,1
131,1,1,1
132,1,1,1
133,1,1,1
133m.txt,1,1,1
134,1,1,1
135m,1,1,1
135m.txt,1,1,1
138m,1,1,1
138m.txt,1,1,1
13c,1,1,1
13ch4,1,1,1
13co2,1,1,1
1416,1,1,1
1425m.csv,1,1,1
14b,1,1,1
14c.csv,1,1,1
150607,1,1,1
150609,1,1,1
150612,1,1,1
150614,1,1,1
150617,1,1,1
150620,1,1,1
150623,1,1,1
150626,1,1,1
150628,1,1,1
150630,1,1,1
150702,1,1,1
150703,1,1,1
150706,1,1,1
150710,1,1,1
150715,1,1,1
150720,1,1,1
150721,1,1,1
150725,1,1,1
150727,1,1,1
150804,1,1,1
150806,1,1,1
150812,1,1,1
151,1,1,1
15a,1,1,1
15b,1,1,1
15c,1,1,1
15min.csv,1,1,1
160711,1,1,1
164310,1,1,1
16b,1,1,1
16b.dta,1,1,1
16s.classifer.nsres.csv,1,1,1
16s.otu.nsres.csv,1,1,1
170627,1,1,1
171844,1,1,1
174006,1,1,1
174800,1,1,1
1750m.csv,1,1,1
1767,1,1,1
185913,1,1,1
188m,1,1,1
188m.txt,1,1,1
18gc,1,1,1
1915,1,1,1
1920,1,1,1
1933,1,1,1
1948,1,1,1
1949,1,1,1
1950,1,1,1
1951,1,1,1
1952,1,1,1
1954,1,1,1
1955,1,1,1
1956,1,1,1
1957,1,1,1
1958,1,1,1
1959,1,1,1
1960,1,1,1
1963,1,1,1
1965,1,1,1
1966,1,1,1
1970to2017,1,1,1
1997shtotsoilnuts.csv,1,1,1
1999lgcover.csv,1,1,1
1999shleafnut.csv,1,1,1
1999shretrans.csv,1,1,1
19n1,1,1,1
1cm,1,1,1
1m.tfw,1,1,1
1m.tif,1,1,1
1m.tif.aux.xml,1,1,1
1m.tif.ovr,1,1,1
2.10,1,1,1
2.11,1,1,1
2.12,1,1,1
2.13,1,1,1
2.1a,1,1,1
2.1b,1,1,1
2.2abc,1,1,1
2.2d,1,1,1
2.3,1,1,1
2.4a,1,1,1
2.4b,1,1,1
2.5abc,1,1,1
2.6,1,1,1
2.7abc,1,1,1
2.8,1,1,1
2.9,1,1,1
2000lgcover.csv,1,1,1
2000lgshttbm.csv,1,1,1
2000lgshttcn.csv,1,1,1
2000shsoilresp.csv,1,1,1
2001lgcover.csv,1,1,1
2001lgshttbm.csv,1,1,1
2001lgshttcn.csv,1,1,1
2001lssl,1,1,1
2002lgcover.csv,1,1,1
2004seaiceper.csv,1,1,1
20080307,1,1,1
20080627,1,1,1
20090331,1,1,1
20110319,1,1,1
20110325,1,1,1
20110326,1,1,1
20110412,1,1,1
20110531,1,1,1
20110610,1,1,1
20110612.010137,1,1,1
20110613.000000,1,1,1
20110614.000000,1,1,1
20110615.000000,1,1,1
20110615.032900,1,1,1
20110616.000000,1,1,1
20110617.000000,1,1,1
20110618.000000,1,1,1
20110619.000000,1,1,1
20110620.000000,1,1,1
20110621.000000,1,1,1
20110622.000000,1,1,1
20110623.000000,1,1,1
20110624.000000,1,1,1
20110625.000000,1,1,1
20110626.134854,1,1,1
20110627.000000,1,1,1
20110628.000000,1,1,1
20110630.000000,1,1,1
20110701.000000,1,1,1
20110702.000000,1,1,1
20110703.000000,1,1,1
20110704.000000,1,1,1
20110705.000000,1,1,1
20110706.000000,1,1,1
20110707.000000,1,1,1
20110708.000000,1,1,1
20110709.000000,1,1,1
20110710,1,1,1
20110710.000000,1,1,1
20110711.000000,1,1,1
20110712.000000,1,1,1
20110713.000000,1,1,1
20110714.000000,1,1,1
20110715.000000,1,1,1
20110716.000000,1,1,1
20110717.000000,1,1,1
20110718.000000,1,1,1
20110719.000000,1,1,1
20110720.000000,1,1,1
20110721.000000,1,1,1
20110722.000000,1,1,1
20110723.000000,1,1,1
20110724.000000,1,1,1
20110725.000000,1,1,1
20110726.000000,1,1,1
20110727.000000,1,1,1
20110728.000000,1,1,1
20110729.000000,1,1,1
20110730.000000,1,1,1
20110731.000000,1,1,1
20110801.000000,1,1,1
20110802.000000,1,1,1
20110803.000000,1,1,1
20110804.000000,1,1,1
20110805.000000,1,1,1
20110806.000000,1,1,1
20110807.000000,1,1,1
20110808.000000,1,1,1
20110809.000000,1,1,1
20110810.000000,1,1,1
20110811.000000,1,1,1
20110812.000000,1,1,1
20110813.000000,1,1,1
20110814.000000,1,1,1
20110815.000000,1,1,1
20110816.000001,1,1,1
20110817.000000,1,1,1
20110818.000000,1,1,1
20110819.000000,1,1,1
20110820.000000,1,1,1
20110821,1,1,1
20110821.000000,1,1,1
20110822.000000,1,1,1
20110823.000001,1,1,1
20110824,1,1,1
20110824.000000,1,1,1
20110825.000000,1,1,1
20110826.000000,1,1,1
20110827.000000,1,1,1
20110828.000001,1,1,1
20110829.000000,1,1,1
20110830.000000,1,1,1
20110831.000000,1,1,1
20110901.000000,1,1,1
20110902.000000,1,1,1
20110903.000000,1,1,1
20110904.000000,1,1,1
20110905.000000,1,1,1
20110906.000000,1,1,1
20110907.000000,1,1,1
20110908.000000,1,1,1
20110909.000000,1,1,1
20110910.000000,1,1,1
20110911.000000,1,1,1
20110912.000000,1,1,1
20110913.000000,1,1,1
20110914.000000,1,1,1
20110915.000000,1,1,1
20110916.000000,1,1,1
20110917.000000,1,1,1
20110918.000000,1,1,1
20110919.000000,1,1,1
20110920.000000,1,1,1
20110921.000000,1,1,1
20110922.000000,1,1,1
20110923.000000,1,1,1
20110924.000000,1,1,1
20110925.000000,1,1,1
20110926.000000,1,1,1
20110927.000000,1,1,1
20111030.000000,1,1,1
20111031.000000,1,1,1
20111101.000000,1,1,1
20111102.000000,1,1,1
20111103.000000,1,1,1
20111104.000000,1,1,1
20111105.000000,1,1,1
20111106.000000,1,1,1
20111107.000000,1,1,1
20111108.000000,1,1,1
20111109.000000,1,1,1
20111110.000000,1,1,1
20111111.000000,1,1,1
20111112.000000,1,1,1
20111113.000000,1,1,1
20111114.000000,1,1,1
20111115.000000,1,1,1
20111116.000000,1,1,1
20111117.000000,1,1,1
20111118.000000,1,1,1
20111119.000000,1,1,1
20111120.000000,1,1,1
20111121.000000,1,1,1
20111122.000000,1,1,1
20111123.000000,1,1,1
20111124.000000,1,1,1
20111125.000000,1,1,1
20111126.000000,1,1,1
20111127.000000,1,1,1
20111128.000000,1,1,1
20111129.000000,1,1,1
20111130.000000,1,1,1
20111201.000000,1,1,1
20111202.000000,1,1,1
20111203.000000,1,1,1
20111204.000000,1,1,1
20111205.000000,1,1,1
20111206.000000,1,1,1
20111207.000000,1,1,1
20111208.000000,1,1,1
20111209.000000,1,1,1
20111210.000000,1,1,1
20111211.000000,1,1,1
20111212.000000,1,1,1
20111213.000000,1,1,1
20111214.000000,1,1,1
20111215.000000,1,1,1
20111216.000000,1,1,1
20111217.000000,1,1,1
20111218.000000,1,1,1
20111219.000000,1,1,1
20111220.000000,1,1,1
20111221.000000,1,1,1
20111222.000000,1,1,1
20111225.000000,1,1,1
20111227.170808,1,1,1
20111228.000000,1,1,1
20111229.000000,1,1,1
20111230.000000,1,1,1
20111231.000000,1,1,1
2011to2012,1,1,1
2011to2018,1,1,1
20120101.000000,1,1,1
20120102.000000,1,1,1
20120103.000000,1,1,1
20120104.000000,1,1,1
20120105.000000,1,1,1
20120106.000000,1,1,1
20120107.000000,1,1,1
20120124.191113,1,1,1
20120125.000000,1,1,1
20120126.000000,1,1,1
20120127.000000,1,1,1
20120128.000000,1,1,1
20120129.000000,1,1,1
20120130.000000,1,1,1
20120131.000000,1,1,1
20120201.000000,1,1,1
20120202.000000,1,1,1
20120203.000000,1,1,1
20120204.000000,1,1,1
20120205.000000,1,1,1
20120206.000000,1,1,1
20120207.000000,1,1,1
20120208.000000,1,1,1
20120209.000000,1,1,1
20120210.000000,1,1,1
20120211.000000,1,1,1
20120212.000000,1,1,1
20120213.000000,1,1,1
20120214.000000,1,1,1
20120215.053039,1,1,1
20120221.180923,1,1,1
20120222.000000,1,1,1
20120223.000000,1,1,1
20120224.000000,1,1,1
20120225.000000,1,1,1
20120226.000000,1,1,1
20120227.000000,1,1,1
20120228.000000,1,1,1
20120229.000000,1,1,1
20120301.000000,1,1,1
20120302.000000,1,1,1
20120303.000000,1,1,1
20120304.000000,1,1,1
20120305.000000,1,1,1
20120306.000000,1,1,1
20120307.000000,1,1,1
20120308.000000,1,1,1
20120309.000000,1,1,1
20120310.000000,1,1,1
20120311.000000,1,1,1
20120312.000000,1,1,1
20120313.000000,1,1,1
20120314.000000,1,1,1
20120315.000000,1,1,1
20120316.000000,1,1,1
20120317.000000,1,1,1
20120318.000000,1,1,1
20120319.000000,1,1,1
20120320.000000,1,1,1
20120321.000000,1,1,1
20120322.000000,1,1,1
20120323.000000,1,1,1
20120324.000000,1,1,1
20120325.000000,1,1,1
20120414,1,1,1
20120417.035432,1,1,1
20120418.000000,1,1,1
20120419.000000,1,1,1
20120420.000000,1,1,1
20120421.000001,1,1,1
20120422.000000,1,1,1
20120423.000001,1,1,1
20120424.000000,1,1,1
20120425.000000,1,1,1
20120426.000001,1,1,1
20120427.000001,1,1,1
20120428.000001,1,1,1
20120429.000000,1,1,1
20120430.000000,1,1,1
20120501.000000,1,1,1
20120502.000000,1,1,1
20120503.000000,1,1,1
20120504.000000,1,1,1
20120505.000000,1,1,1
20120506.000000,1,1,1
20120507.000000,1,1,1
20120508.000000,1,1,1
20120509.000000,1,1,1
20120510.000000,1,1,1
20120511.000000,1,1,1
20120512.000000,1,1,1
20120513.000000,1,1,1
20120514.000000,1,1,1
20120515.000000,1,1,1
20120516.000000,1,1,1
20120517.000000,1,1,1
20120521.232218,1,1,1
20120522.000000,1,1,1
20120523.000000,1,1,1
20120525.000000,1,1,1
20120525000,1,1,1
20120525001,1,1,1
20120525002,1,1,1
20120526.000000,1,1,1
20120526000,1,1,1
20120526001,1,1,1
20120526002,1,1,1
20120526003,1,1,1
20120526004,1,1,1
20120526005,1,1,1
20120526006,1,1,1
20120527000,1,1,1
20120527001,1,1,1
20120527002,1,1,1
20120527003,1,1,1
20120527004,1,1,1
20120527005,1,1,1
20120527006,1,1,1
20120527007,1,1,1
20120527008,1,1,1
20120527009,1,1,1
20120527011,1,1,1
20120527012,1,1,1
20120527013,1,1,1
20120527014,1,1,1
20120527015,1,1,1
20120527016,1,1,1
20120527017,1,1,1
20120527018,1,1,1
20120527019,1,1,1
20120527020,1,1,1
20120527021,1,1,1
20120528.000000,1,1,1
20120528.000001,1,1,1
20120528000,1,1,1
20120528001,1,1,1
20120528002,1,1,1
20120528003,1,1,1
20120528004,1,1,1
20120528005,1,1,1
20120528006,1,1,1
20120528007,1,1,1
20120528008,1,1,1
20120528009,1,1,1
20120528010,1,1,1
20120528011,1,1,1
20120528012,1,1,1
20120528013,1,1,1
20120528014,1,1,1
20120528015,1,1,1
20120528016,1,1,1
20120528017,1,1,1
20120528018,1,1,1
20120528019,1,1,1
20120528020,1,1,1
20120528021,1,1,1
20120528022,1,1,1
20120528023,1,1,1
20120528024,1,1,1
20120528025,1,1,1
20120528026,1,1,1
20120528027,1,1,1
20120528028,1,1,1
20120528029,1,1,1
20120528030,1,1,1
20120529000,1,1,1
20120529001,1,1,1
20120529002,1,1,1
20120529003,1,1,1
20120530000,1,1,1
20120530001,1,1,1
20120530002,1,1,1
20120530003,1,1,1
20120530004,1,1,1
20120530005,1,1,1
20120530006,1,1,1
20120530007,1,1,1
20120530008,1,1,1
20120530009,1,1,1
20120530010,1,1,1
20120530011,1,1,1
20120530012,1,1,1
20120530013,1,1,1
20120530014,1,1,1
20120530015,1,1,1
20120530016,1,1,1
20120530017,1,1,1
20120530018,1,1,1
20120530019,1,1,1
20120530020,1,1,1
20120530021,1,1,1
20120530022,1,1,1
20120530023,1,1,1
20120530024,1,1,1
20120530025,1,1,1
20120530026,1,1,1
20120530027,1,1,1
20120530028,1,1,1
20120530029,1,1,1
20120530030,1,1,1
20120530031,1,1,1
20120530032,1,1,1
20120530033,1,1,1
20120530034,1,1,1
20120530035,1,1,1
20120530036,1,1,1
20120530037,1,1,1
20120530038,1,1,1
20120603.000000,1,1,1
20120603.130907,1,1,1
20120605.111246,1,1,1
20120605.111247,1,1,1
20120611,1,1,1
20120622.000000,1,1,1
20120623.120043,1,1,1
20120623.120044,1,1,1
20120624,1,1,1
20120624.000000,1,1,1
20120625.000000,1,1,1
20120625.222135,1,1,1
20120628.000000,1,1,1
20120628.010734,1,1,1
20120629,1,1,1
20120705.011745,1,1,1
20120705.011746,1,1,1
20120713,1,1,1
20120716,1,1,1
20120717.000000,1,1,1
20120717.010712,1,1,1
20120718.000000,1,1,1
20120718.000001,1,1,1
20120723.000000,1,1,1
20120723.000006,1,1,1
20120724.010708,1,1,1
20120724.010709,1,1,1
20120805.000000,1,1,1
20120806.000000,1,1,1
20120807.000000,1,1,1
20120808.000000,1,1,1
20120809,1,1,1
20120809.000000,1,1,1
20120810.000000,1,1,1
20120811.000000,1,1,1
20120812.010714,1,1,1
20120813,1,1,1
20120813.000000,1,1,1
20120814.010702,1,1,1
20120815.000000,1,1,1
20120816.000000,1,1,1
20120817.000000,1,1,1
20120818.000000,1,1,1
20120819.010713,1,1,1
20120820.000000,1,1,1
20120821.000000,1,1,1
20120822.000000,1,1,1
20120823.010710,1,1,1
20120824.000000,1,1,1
20120825.000000,1,1,1
20120826.000000,1,1,1
20120827.000000,1,1,1
20120828.000000,1,1,1
20120829.000000,1,1,1
20120830.000000,1,1,1
20120831.000000,1,1,1
20120904.174817,1,1,1
20120906.152227,1,1,1
20120907.000000,1,1,1
20120908.000000,1,1,1
20120909.000000,1,1,1
20120910.000000,1,1,1
20120911.000000,1,1,1
20120912.000000,1,1,1
20120913.000000,1,1,1
20120914.000023,1,1,1
20120915.000008,1,1,1
20120916.000000,1,1,1
20120917.000000,1,1,1
20120918.000000,1,1,1
20120919.000000,1,1,1
20120920.000000,1,1,1
20120921.000000,1,1,1
20120922.000000,1,1,1
20120923.000000,1,1,1
20120924.155941,1,1,1
20120926.163546,1,1,1
20120928.001111,1,1,1
20120929.000000,1,1,1
20120930.000000,1,1,1
20121005.000000,1,1,1
20121006.000000,1,1,1
20121007.000000,1,1,1
20121008.201734,1,1,1
20121009.000000,1,1,1
20121011.000000,1,1,1
20121012.000000,1,1,1
20121013.000000,1,1,1
20121014.000000,1,1,1
20121015.000000,1,1,1
20121016.000010,1,1,1
20121017.000000,1,1,1
20121018.000000,1,1,1
20121019.000000,1,1,1
20121020.000000,1,1,1
20121023.163629,1,1,1
20121025.024634,1,1,1
20121026.000000,1,1,1
20121027.000000,1,1,1
20121028.000000,1,1,1
20121029.000000,1,1,1
20121030.000000,1,1,1
20121031.000010,1,1,1
20121101.000001,1,1,1
20121102.000000,1,1,1
20121103.000000,1,1,1
20121104.000000,1,1,1
20121105.000000,1,1,1
20121106.000000,1,1,1
20121107.000000,1,1,1
20121108.192120,1,1,1
20121109.000000,1,1,1
20121110.000000,1,1,1
20121111.000000,1,1,1
20121112.000000,1,1,1
20121113.000000,1,1,1
20121114.000001,1,1,1
20121115.000001,1,1,1
20121116.000000,1,1,1
20121117.000000,1,1,1
20121118.000000,1,1,1
20121119.000000,1,1,1
20121120.000000,1,1,1
20121121.000000,1,1,1
20121122.000000,1,1,1
20121123.000000,1,1,1
20121124.000000,1,1,1
20121125.000000,1,1,1
20121126.000000,1,1,1
20121127.000000,1,1,1
20121128.000000,1,1,1
20121129.000000,1,1,1
20121130.000000,1,1,1
20121201.000000,1,1,1
20121202.000001,1,1,1
20121203.165422,1,1,1
20121204.000000,1,1,1
20121205.000000,1,1,1
20121206.000000,1,1,1
20121207.000000,1,1,1
20121208.000000,1,1,1
20121209.000000,1,1,1
20121210.000000,1,1,1
20121211.000000,1,1,1
20121212.000000,1,1,1
20121213.032715,1,1,1
20121214.000000,1,1,1
20121220.214351,1,1,1
20121221.000000,1,1,1
20121222.000000,1,1,1
20121223.000000,1,1,1
20121226.162943,1,1,1
20121227.000000,1,1,1
20121228.000000,1,1,1
20121229.000000,1,1,1
20121230.000000,1,1,1
20121231.042957,1,1,1
20130101.000000,1,1,1
20130101.000001,1,1,1
20130102.211447,1,1,1
20130103.000000,1,1,1
20130104.000000,1,1,1
20130105.000000,1,1,1
20130106.000000,1,1,1
20130107.000000,1,1,1
20130108.000000,1,1,1
20130109.000000,1,1,1
20130110.090000,1,1,1
20130111.214238,1,1,1
20130112.000000,1,1,1
20130113.000000,1,1,1
20130114.000000,1,1,1
20130115.000000,1,1,1
20130116.024636,1,1,1
20130117.000000,1,1,1
20130118.000000,1,1,1
20130119.000000,1,1,1
20130123.183455,1,1,1
20130124.000001,1,1,1
20130125.000001,1,1,1
20130126.000000,1,1,1
20130127.000000,1,1,1
20130128.000001,1,1,1
20130129.042732,1,1,1
20130209.000000,1,1,1
20130210.000000,1,1,1
20130211.000000,1,1,1
20130216.000000,1,1,1
20130217.000000,1,1,1
20130218.000000,1,1,1
20130218.164831,1,1,1
20130219.000000,1,1,1
20130219.000001,1,1,1
20130224.000000,1,1,1
20130224.000001,1,1,1
20130227.000000,1,1,1
20130227.000001,1,1,1
20130304.000000,1,1,1
20130304.000001,1,1,1
20130305.000000,1,1,1
20130305.000001,1,1,1
20130306.000000,1,1,1
20130306.000001,1,1,1
20130307.000000,1,1,1
20130307.000001,1,1,1
20130308.000000,1,1,1
20130309.000001,1,1,1
20130310.000453,1,1,1
20130312.184218,1,1,1
20130313.000000,1,1,1
20130316.000000,1,1,1
20130316.000001,1,1,1
20130318.000000,1,1,1
20130318.000002,1,1,1
20130319.000000,1,1,1
20130321.210352,1,1,1
20130321.210353,1,1,1
20130322.000001,1,1,1
20130322.000002,1,1,1
20130323.000000,1,1,1
20130323.000001,1,1,1
20130324.000000,1,1,1
20130324.000001,1,1,1
20130325.000000,1,1,1
20130325.000001,1,1,1
20130328.000000,1,1,1
20130328.000001,1,1,1
20130330.000000,1,1,1
20130330.000001,1,1,1
20130401,1,1,1
20130404.000000,1,1,1
20130404.000001,1,1,1
20130405.000000,1,1,1
20130405.000001,1,1,1
20130406.000000,1,1,1
20130406.000001,1,1,1
20130407.000000,1,1,1
20130407.000001,1,1,1
20130410,1,1,1
20130410.000001,1,1,1
20130410.000002,1,1,1
20130411.000000,1,1,1
20130411.000001,1,1,1
20130412,1,1,1
20130412.000000,1,1,1
20130412.000002,1,1,1
20130413.000000,1,1,1
20130413.000001,1,1,1
20130415.000000,1,1,1
20130415.000001,1,1,1
20130416.000000,1,1,1
20130416.000001,1,1,1
20130419.000000,1,1,1
20130419.000001,1,1,1
20130421.000000,1,1,1
20130421.000001,1,1,1
20130423.000000,1,1,1
20130423.000001,1,1,1
20130424.151234,1,1,1
20130424.151235,1,1,1
20130425.154340,1,1,1
20130425.154341,1,1,1
20130503.000000,1,1,1
20130503.000001,1,1,1
20130508.000000,1,1,1
20130508.000001,1,1,1
20130510.000000,1,1,1
20130510.000001,1,1,1
20130511.000000,1,1,1
20130511.000001,1,1,1
20130512.000000,1,1,1
20130512.000001,1,1,1
20130513.000000,1,1,1
20130513.000001,1,1,1
20130514.000000,1,1,1
20130514.000001,1,1,1
20130515.000000,1,1,1
20130515.000001,1,1,1
20130516.000000,1,1,1
20130516.000001,1,1,1
20130517.000000,1,1,1
20130517.000001,1,1,1
20130523.000000,1,1,1
20130523.000001,1,1,1
20130530.000000,1,1,1
20130530.000001,1,1,1
20130531.000000,1,1,1
20130531.000001,1,1,1
20130601.000000,1,1,1
20130601.000001,1,1,1
20130602.000000,1,1,1
20130602.000001,1,1,1
20130603,1,1,1
20130603.000000,1,1,1
20130603.000001,1,1,1
20130604.000000,1,1,1
20130604.000001,1,1,1
20130604001,1,1,1
20130604002,1,1,1
20130604003,1,1,1
20130604004,1,1,1
20130604005,1,1,1
20130604006,1,1,1
20130604007,1,1,1
20130604008,1,1,1
20130604009,1,1,1
20130604010,1,1,1
20130604011,1,1,1
20130604012,1,1,1
20130604013,1,1,1
20130604014,1,1,1
20130604015,1,1,1
20130604016,1,1,1
20130604017,1,1,1
20130605.000000,1,1,1
20130605.000001,1,1,1
20130605000,1,1,1
20130605001,1,1,1
20130605002,1,1,1
20130605003,1,1,1
20130605004,1,1,1
20130605005,1,1,1
20130605006,1,1,1
20130605007,1,1,1
20130605008,1,1,1
20130605009,1,1,1
20130605010,1,1,1
20130606.000000,1,1,1
20130606.000002,1,1,1
20130606000,1,1,1
20130606001,1,1,1
20130606002,1,1,1
20130606003,1,1,1
20130606004,1,1,1
20130606005,1,1,1
20130606006,1,1,1
20130606007,1,1,1
20130606008,1,1,1
20130606009,1,1,1
20130606010,1,1,1
20130606011,1,1,1
20130606012,1,1,1
20130606013,1,1,1
20130606014,1,1,1
20130606015,1,1,1
20130606016,1,1,1
20130606017,1,1,1
20130606018,1,1,1
20130606019,1,1,1
20130606020,1,1,1
20130606021,1,1,1
20130606022,1,1,1
20130607.000000,1,1,1
20130607.000001,1,1,1
20130607000,1,1,1
20130607001,1,1,1
20130607002,1,1,1
20130607003,1,1,1
20130607004,1,1,1
20130607005,1,1,1
20130607006,1,1,1
20130607007,1,1,1
20130607008,1,1,1
20130607009,1,1,1
20130607010,1,1,1
20130607011,1,1,1
20130607012,1,1,1
20130607013,1,1,1
20130607014,1,1,1
20130607015,1,1,1
20130607016,1,1,1
20130607017,1,1,1
20130607018,1,1,1
20130608.000000,1,1,1
20130608.000001,1,1,1
20130608000,1,1,1
20130608001,1,1,1
20130608002,1,1,1
20130608003,1,1,1
20130608004,1,1,1
20130608005,1,1,1
20130608006,1,1,1
20130608007,1,1,1
20130608008,1,1,1
20130608009,1,1,1
20130608010,1,1,1
20130608011,1,1,1
20130608012,1,1,1
20130610.000000,1,1,1
20130610.000001,1,1,1
20130611.000000,1,1,1
20130611.000001,1,1,1
20130612.000000,1,1,1
20130612.000001,1,1,1
20130613.000000,1,1,1
20130613.000005,1,1,1
20130615.000000,1,1,1
20130615.000001,1,1,1
20130616.000000,1,1,1
20130616.000001,1,1,1
20130617.000000,1,1,1
20130617.000001,1,1,1
20130618.000000,1,1,1
20130618.000001,1,1,1
20130621.000000,1,1,1
20130621.000001,1,1,1
20130622.000000,1,1,1
20130622.000001,1,1,1
20130623.000000,1,1,1
20130623.000001,1,1,1
20130628.000000,1,1,1
20130629.155926,1,1,1
20130629.201214,1,1,1
20130709.232846,1,1,1
20130709.232847,1,1,1
20130719.000000,1,1,1
20130719.000001,1,1,1
20130722,1,1,1
20130723.000647,1,1,1
20130723.000648,1,1,1
20130725.000000,1,1,1
20130726.000000,1,1,1
20130726.114517,1,1,1
20130801.000000,1,1,1
20130801.000001,1,1,1
20130802.000000,1,1,1
20130802.000001,1,1,1
20130805.021515,1,1,1
20130805.021516,1,1,1
20130810,1,1,1
20130815.000000,1,1,1
20130815.000001,1,1,1
20130819.000000,1,1,1
20130819.000001,1,1,1
20130826.045754,1,1,1
20130826.045755,1,1,1
20130827.151234,1,1,1
20130827.151235,1,1,1
20130909.000000,1,1,1
20130909.000001,1,1,1
20130919.124403,1,1,1
20130919.124404,1,1,1
20131012.000000,1,1,1
20131012.000001,1,1,1
20131013.000000,1,1,1
20131014.165543,1,1,1
20131014.165544,1,1,1
20131019.000000,1,1,1
20131019.000001,1,1,1
20131021.150654,1,1,1
20131021.150655,1,1,1
20131028.000000,1,1,1
20131028.000001,1,1,1
20131119.000000,1,1,1
20131119.000001,1,1,1
20131122.134107,1,1,1
20131122.134108,1,1,1
20131123.000000,1,1,1
20131123.000001,1,1,1
20131125.163648,1,1,1
20131125.163649,1,1,1
20131126.000000,1,1,1
20131126.000001,1,1,1
20131128.151141,1,1,1
20131128.151142,1,1,1
20131201.000000,1,1,1
20131201.000001,1,1,1
20131204.000000,1,1,1
20131204.000001,1,1,1
20131207.000000,1,1,1
20131207.000001,1,1,1
20131210.041340,1,1,1
20131210.041341,1,1,1
20131211.000000,1,1,1
20131211.000001,1,1,1
20131217.000000,1,1,1
20131217.000001,1,1,1
20131218.000000,1,1,1
20131218.000001,1,1,1
20131221.000000,1,1,1
20131221.000001,1,1,1
20131223.004730,1,1,1
20131223.004731,1,1,1
20131224.000000,1,1,1
20131224.000001,1,1,1
20131227.000000,1,1,1
20131227.000001,1,1,1
20131230.155019,1,1,1
20131230.155020,1,1,1
2013jmcover,1,1,1
2013jmsoils,1,1,1
2013to2016,1,1,1
20140101.000000,1,1,1
20140101.000001,1,1,1
20140104.000000,1,1,1
20140104.000001,1,1,1
20140105.000000,1,1,1
20140105.000001,1,1,1
20140106.000000,1,1,1
20140106.000001,1,1,1
20140108.000000,1,1,1
20140108.000001,1,1,1
20140110.000000,1,1,1
20140110.000001,1,1,1
20140112.000000,1,1,1
20140112.000001,1,1,1
20140114.000000,1,1,1
20140114.000001,1,1,1
20140116.000000,1,1,1
20140116.000001,1,1,1
20140118.000000,1,1,1
20140118.000001,1,1,1
20140121.000000,1,1,1
20140121.000001,1,1,1
20140122.000000,1,1,1
20140122.000001,1,1,1
20140123.000000,1,1,1
20140123.000001,1,1,1
20140124.000000,1,1,1
20140124.000001,1,1,1
20140126.150000,1,1,1
20140126.150001,1,1,1
20140128.000000,1,1,1
20140128.000001,1,1,1
20140129.000000,1,1,1
20140129.000001,1,1,1
20140130.000000,1,1,1
20140130.000001,1,1,1
20140131.180000,1,1,1
20140131.180001,1,1,1
20140202.000000,1,1,1
20140202.000001,1,1,1
20140211.000000,1,1,1
20140211.000001,1,1,1
20140212.000000,1,1,1
20140212.000001,1,1,1
20140213.000000,1,1,1
20140213.000001,1,1,1
20140214.000000,1,1,1
20140214.000001,1,1,1
20140219.000000,1,1,1
20140219.000001,1,1,1
20140221.000000,1,1,1
20140221.000001,1,1,1
20140222.000000,1,1,1
20140222.000001,1,1,1
20140226.000000,1,1,1
20140226.000001,1,1,1
20140227.000000,1,1,1
20140227.000001,1,1,1
20140302.000000,1,1,1
20140302.000001,1,1,1
20140303.000000,1,1,1
20140303.000001,1,1,1
20140313.000000,1,1,1
20140313.000001,1,1,1
20140328,1,1,1
20140329.221210,1,1,1
20140329.221211,1,1,1
20140330,1,1,1
20140412.000000,1,1,1
20140412.000001,1,1,1
20140413.000000,1,1,1
20140413.000001,1,1,1
20140414.000000,1,1,1
20140414.000001,1,1,1
20140415.000000,1,1,1
20140415.000001,1,1,1
20140417,1,1,1
20140419,1,1,1
20140427.000000,1,1,1
20140427.000001,1,1,1
20140504,1,1,1
20140506.000000,1,1,1
20140506.000001,1,1,1
20140507.000000,1,1,1
20140507.000001,1,1,1
20140509.000000,1,1,1
20140509.000001,1,1,1
20140510.000000,1,1,1
20140510.000001,1,1,1
20140516.000000,1,1,1
20140516.000001,1,1,1
20140522.150048,1,1,1
20140522.150049,1,1,1
20140615.030400,1,1,1
20140615.030401,1,1,1
20140618,1,1,1
20140702,1,1,1
20140702.163330,1,1,1
20140707,1,1,1
20140709,1,1,1
20140714,1,1,1
20140715,1,1,1
20140718,1,1,1
20140719,1,1,1
20140722,1,1,1
20140728,1,1,1
20140729,1,1,1
20140804,1,1,1
20140805,1,1,1
20140811,1,1,1
20140812,1,1,1
20140815,1,1,1
20141016,1,1,1
20141030,1,1,1
20141906,1,1,1
20142606,1,1,1
20150401,1,1,1
20150406,1,1,1
20150419,1,1,1
20150501,1,1,1
20150512,1,1,1
20150602,1,1,1
20150702,1,1,1
20150731,1,1,1
20150810,1,1,1
20150812,1,1,1
20150813,1,1,1
20150816,1,1,1
20150830,1,1,1
20150916,1,1,1
20160318,1,1,1
20160508,1,1,1
20160714,1,1,1
20160720,1,1,1
20160825,1,1,1
2016to2017,1,1,1
20170611,1,1,1
20170912,1,1,1
201765,1,1,1
2017to2018,1,1,1
20180924,1,1,1
20181002,1,1,1
20181007,1,1,1
20181012,1,1,1
2018aug6,1,1,1
2018jul17,1,1,1
2018jul31,1,1,1
2019.05.15,1,1,1
20190225,1,1,1
20190510,1,1,1
20190616,1,1,1
20190627,1,1,1
20190726,1,1,1
20190825,1,1,1
20190826,1,1,1
20190830,1,1,1
20191016,1,1,1
20191124,1,1,1
20191201,1,1,1
20200103,1,1,1
20200105,1,1,1
20200109,1,1,1
20200110,1,1,1
20200203,1,1,1
20200224,1,1,1
20200309,1,1,1
2021,1,1,1
2022,1,1,1
2023,1,1,1
2024,1,1,1
2025,1,1,1
2026,1,1,1
2027,1,1,1
2028,1,1,1
2029,1,1,1
2030,1,1,1
2031,1,1,1
2032,1,1,1
2033,1,1,1
2034,1,1,1
2035,1,1,1
203556,1,1,1
2036,1,1,1
2037,1,1,1
2038,1,1,1
2039,1,1,1
2040,1,1,1
2041,1,1,1
2042,1,1,1
2043,1,1,1
2045,1,1,1
2046,1,1,1
2047,1,1,1
2048,1,1,1
2049,1,1,1
2050,1,1,1
2051,1,1,1
205155,1,1,1
2052,1,1,1
2053,1,1,1
2054,1,1,1
2055,1,1,1
2056,1,1,1
2057,1,1,1
2058,1,1,1
2059,1,1,1
2060,1,1,1
2061,1,1,1
2062,1,1,1
2063,1,1,1
2064,1,1,1
2065,1,1,1
2066,1,1,1
2067,1,1,1
2068,1,1,1
2069,1,1,1
2070,1,1,1
2071,1,1,1
2072,1,1,1
2073,1,1,1
2074,1,1,1
2075,1,1,1
2076,1,1,1
2077,1,1,1
2078,1,1,1
2079,1,1,1
2080,1,1,1
2082,1,1,1
2083,1,1,1
2084,1,1,1
2085,1,1,1
2086,1,1,1
2087,1,1,1
2088,1,1,1
2089,1,1,1
2090,1,1,1
2091,1,1,1
2092,1,1,1
2093,1,1,1
2094,1,1,1
2095,1,1,1
2096,1,1,1
2097,1,1,1
2098,1,1,1
2099,1,1,1
20km.zip,1,1,1
2134,1,1,1
2137,1,1,1
2139,1,1,1
213m,1,1,1
213m.txt,1,1,1
2140,1,1,1
217m.txt,1,1,1
2199,1,1,1
22n4,1,1,1
231722,1,1,1
236m.txt,1,1,1
240m.txt,1,1,1
243m.prn,1,1,1
246,1,1,1
249,1,1,1
24h,1,1,1
25n1,1,1,1
266m,1,1,1
266m.txt,1,1,1
268m.txt,1,1,1
273,1,1,1
2896,1,1,1
2899,1,1,1
28n4,1,1,1
2900,1,1,1
2904,1,1,1
2905,1,1,1
2918,1,1,1
2919,1,1,1
2926,1,1,1
2964translinb2b3,1,1,1
30m.txt,1,1,1
31m.txt,1,1,1
33n1,1,1,1
3413,1,1,1
3442simpexpb3b4,1,1,1
36,1,1,1
37n4,1,1,1
38,1,1,1
3839simpexpb2b4,1,1,1
38m.txt,1,1,1
38s3,1,1,1
3b,1,1,1
3pc,1,1,1
3tc,1,1,1
400,1,1,1
4199simpexpb2b3,1,1,1
41gc,1,1,1
41m,1,1,1
41m.txt,1,1,1
41n1,1,1,1
4222simpexpb2b4,1,1,1
4291simpexpb2b4,1,1,1
4365simplinb2b3,1,1,1
43m.txt,1,1,1
44m.txt,1,1,1
4782transexpb3b4,1,1,1
498,1,1,1
49m.txt,1,1,1
50cm.ovr,1,1,1
51,1,1,1
5211simpexpb2b4,1,1,1
5242simpexpb2b3,1,1,1
5271,1,1,1
5326simpexpb2b4,1,1,1
5383,1,1,1
53m.txt,1,1,1
553,1,1,1
555,1,1,1
556,1,1,1
557,1,1,1
5570simpexpb2b3,1,1,1
558,1,1,1
559,1,1,1
560,1,1,1
561,1,1,1
562,1,1,1
563,1,1,1
573,1,1,1
574,1,1,1
575,1,1,1
5893transexpb2b3,1,1,1
604m.txt,1,1,1
6058simpexpb2b3,1,1,1
614m,1,1,1
614m.txt,1,1,1
6167transexpb2b3,1,1,1
6199simplinb2b4,1,1,1
6274simpexpb2b4,1,1,1
62816,1,1,1
628m.txt,1,1,1
63m.prn,1,1,1
64cm.tif,1,1,1
65m.txt,1,1,1
67m.txt,1,1,1
68m.txt,1,1,1
69m.prn,1,1,1
69roll1,1,1,1
69roll2,1,1,1
6h,1,1,1
783,1,1,1
784,1,1,1
785,1,1,1
786,1,1,1
787,1,1,1
788,1,1,1
789,1,1,1
790,1,1,1
791,1,1,1
792,1,1,1
793,1,1,1
794,1,1,1
795,1,1,1
796,1,1,1
797,1,1,1
798,1,1,1
799,1,1,1
800,1,1,1
801,1,1,1
802,1,1,1
80cm.tif,1,1,1
850m.csv,1,1,1
a.xtf,1,1,1
a02001avg.cnv,1,1,1
a02002avg.cnv,1,1,1
a1.20100601.000000,1,1,1
a1.20100603.000000,1,1,1
a1.20100713.000001,1,1,1
a1.20130101.000001,1,1,1
a1.20140101.000001,1,1,1
a1.20150101.000001,1,1,1
a1.20160112.000001,1,1,1
a1.20170101.000001,1,1,1
a1.20170118.000000,1,1,1
a1.20180114.000000,1,1,1
a1.20180130.000000,1,1,1
a1.20180515.000000,1,1,1
a12602avg.cnv,1,1,1
a14801avg.cnv,1,1,1
ab,1,1,1
ab2013,1,1,1
abovegroundbiomass2015,1,1,1
abovegroundbiomass2016,1,1,1
abun,1,1,1
abundancebiomass,1,1,1
abundances.txt,1,1,1
abvgrnd012218,1,1,1
acadis.csv,1,1,1
accap,1,1,1
accum,1,1,1
accum.csv,1,1,1
accumulation.csv,1,1,1
acommquality,1,1,1
act11b,1,1,1
activeleaves,1,1,1
actvieleaves,1,1,1
adcp150,1,1,1
addition,1,1,1
adult,1,1,1
aerosols.csv,1,1,1
afeis,1,1,1
agage,1,1,1
agc16,1,1,1
ages.csv,1,1,1
aggie.ring.widths.long.csv,1,1,1
airdata.csv,1,1,1
ais.csv,1,1,1
ak174,1,1,1
ak175,1,1,1
ak176,1,1,1
alaskamaxicethickness,1,1,1
alignments.csv,1,1,1
alison,1,1,1
alkane,1,1,1
allcoordinates.csv,1,1,1
alloe2016mammals,1,1,1
allometry,1,1,1
allsensors.csv,1,1,1
ambon2015,1,1,1
ambon2017,1,1,1
ammonium.txt,1,1,1
amundsen2009,1,1,1
amundson.csv,1,1,1
anaktuvukburn,1,1,1
anchorage,1,1,1
andtest2,1,1,1
anisotropy,1,1,1
ann1853,1,1,1
annual,1,1,1
annui,1,1,1
antarctic,1,1,1
antarctica.csv,1,1,1
aofb15,1,1,1
apr14,1,1,1
apr1853,1,1,1
apr28,1,1,1
aquatic.csv,1,1,1
aquaticdata,1,1,1
aquifers,1,1,1
arc.csv,1,1,1
archive.txt,1,1,1
archived,1,1,1
arcticchamber,1,1,1
arcticdbv2,1,1,1
arcticeis,1,1,1
arcticekmanpumping.nc,1,1,1
arcticgrayling,1,1,1
arcticmix,1,1,1
areas.zip,1,1,1
arenacove,1,1,1
artifacts,1,1,1
asgard,1,1,1
asgard2017sightingsonly,1,1,1
asgard2018,1,1,1
atmosphere,1,1,1
atmposhperic,1,1,1
atomicbr,1,1,1
aug1853,1,1,1
aug2012,1,1,1
aug2015,1,1,1
aug2017,1,1,1
aug2018,1,1,1
augsep2012,1,1,1
augsep2017,1,1,1
availability,1,1,1
availabilty,1,1,1
average,1,1,1
aws.dat,1,1,1
b.dat,1,1,1
b09,1,1,1
b1.20100525.233700,1,1,1
b1.20100601.000000,1,1,1
b1.20100628.025425,1,1,1
b1.20100704.000015,1,1,1
b1.20110101.000000,1,1,1
b1.20110101.111900,1,1,1
b1.20110503.000008,1,1,1
b1.20110903.000002,1,1,1
b1.20120101.000325,1,1,1
b1.20120101.132000,1,1,1
b1.20120409.000000,1,1,1
b1.20120701.000318,1,1,1
b1.20120824.000012,1,1,1
b1.20130101.000000,1,1,1
b1.20130101.000349,1,1,1
b1.20130101.111500,1,1,1
b1.20130701.000336,1,1,1
b1.20130816.000012,1,1,1
b1.20140101.000000,1,1,1
b1.20140101.000330,1,1,1
b1.20140101.111700,1,1,1
b1.20140627.000012,1,1,1
b1.20140701.000332,1,1,1
b1.20150101.000000,1,1,1
b1.20150101.000341,1,1,1
b1.20150101.111400,1,1,1
b1.20150610.000012,1,1,1
b1.20150701.000321,1,1,1
b1.20160101.000000,1,1,1
b1.20160101.000311,1,1,1
b1.20160101.111900,1,1,1
b1.20161207.000017,1,1,1
b1.20170101.000000,1,1,1
b1.20170101.112140,1,1,1
b1.20170115.000012,1,1,1
b1.20170116.111707,1,1,1
b1.20170117.000012,1,1,1
b1.20180708.111739,1,1,1
b12501avg.cnv,1,1,1
b14901avg.cnv,1,1,1
baid,1,1,1
balances.csv,1,1,1
baldwin,1,1,1
bar,1,1,1
barrow1,1,1,1
barrow2,1,1,1
basereceive.txt,1,1,1
bathymetry.csv,1,1,1
bays.tfw,1,1,1
bays.tif,1,1,1
bays.tif.aux.xml,1,1,1
bays.tif.ovr,1,1,1
bc1procarchive,1,1,1
bc1procarchive.nc,1,1,1
bc2procarchive,1,1,1
bc2procarchive.nc,1,1,1
beaufortmethane.csv,1,1,1
benthicinfauna,1,1,1
besoildata2009,1,1,1
bf017a.cnv,1,1,1
bf017b.cnv,1,1,1
bgchem2008data.csv,1,1,1
bgk,1,1,1
bhsprocarchive,1,1,1
bhsprocarchive.nc,1,1,1
bigbeer,1,1,1
bilello1980,1,1,1
bio,1,1,1
biogeochemistry.csv,1,1,1
biomas,1,1,1
biomes,1,1,1
blanks.csv,1,1,1
bluffs,1,1,1
boardwalkstrails,1,1,1
boat,1,1,1
bonan1,1,1,1
boreholeicewedge.csv,1,1,1
borhole,1,1,1
bottle.csv,1,1,1
bottle.txt,1,1,1
boulderpatchcurrents.csv,1,1,1
boulderpatchkelpgrowth1976to2016,1,1,1
boulderpatchtempcondsal,1,1,1
br2,1,1,1
branch,1,1,1
breeding,1,1,1
bright,1,1,1
bso1,1,1,1
bulk,1,1,1
bydboregion.csv,1,1,1
bz1,1,1,1
bz2,1,1,1
c08,1,1,1
c1.20100915.193700,1,1,1
c1.20101014.000001,1,1,1
c1.20110101.000100,1,1,1
c1.20120101.000100,1,1,1
c1.20120301.000001,1,1,1
c1.20130101.000100,1,1,1
c1.20130201.000001,1,1,1
c1.20140101.000100,1,1,1
c1.20140608.235829,1,1,1
c1.20150101.000100,1,1,1
c1.20150709.000302,1,1,1
c1.20160101.000100,1,1,1
c1.20161118.000037,1,1,1
c1.20170101.000048,1,1,1
c1.20170101.000100,1,1,1
c1.20170117.000100,1,1,1
c1.20170120.000045,1,1,1
c1.20180108.000100,1,1,1
c1.20180303.000104,1,1,1
c10,1,1,1
c11,1,1,1
c12,1,1,1
c12401avg.cnv,1,1,1
c13,1,1,1
c15,1,1,1
c15001avg.cnv,1,1,1
c16,1,1,1
c17,1,1,1
c18,1,1,1
c19,1,1,1
c2,1,1,1
c20,1,1,1
c2013,1,1,1
c21,1,1,1
c22,1,1,1
c23,1,1,1
c24,1,1,1
c25,1,1,1
c26,1,1,1
c27,1,1,1
c28,1,1,1
c29,1,1,1
c3,1,1,1
c30,1,1,1
c31,1,1,1
c32,1,1,1
c33,1,1,1
c34,1,1,1
c35,1,1,1
c36,1,1,1
c37,1,1,1
c38,1,1,1
c39,1,1,1
c4,1,1,1
c40,1,1,1
c41,1,1,1
c42,1,1,1
c43,1,1,1
c44,1,1,1
c45,1,1,1
c46,1,1,1
c5,1,1,1
c6,1,1,1
c7,1,1,1
c8,1,1,1
c9,1,1,1
cabin.csv,1,1,1
cafecn,1,1,1
cafeeb,1,1,1
cajanderi,1,1,1
calanusdata,1,1,1
calib,1,1,1
calibration,1,1,1
calvingobservations.hdf5,1,1,1
canimida,1,1,1
canoe,1,1,1
canopycover,1,1,1
captures.csv,1,1,1
carbonates.txt,1,1,1
cast23,1,1,1
cast24,1,1,1
cast25,1,1,1
cast26,1,1,1
cast27,1,1,1
cast28,1,1,1
cast29,1,1,1
cast30,1,1,1
cast31,1,1,1
cast64,1,1,1
cast65,1,1,1
cast66,1,1,1
cast67,1,1,1
cast68,1,1,1
cast69,1,1,1
cast70,1,1,1
cast71,1,1,1
cast72,1,1,1
cast73,1,1,1
cast74,1,1,1
casts,1,1,1
casts.zip,1,1,1
cc,1,1,1
cdom,1,1,1
cell,1,1,1
cellulose.csv,1,1,1
centerline,1,1,1
centerline.csv,1,1,1
centers.csv,1,1,1
ceperley,1,1,1
cfc11,1,1,1
cfcs.csv,1,1,1
ch4bot.csv,1,1,1
ch4mid.csv,1,1,1
chandalar,1,1,1
channel,1,1,1
characteristics,1,1,1
characters.csv,1,1,1
charcoal.csv,1,1,1
chem,1,1,1
chemistries.csv,1,1,1
chemistry.csv,1,1,1
cherskiy,1,1,1
chick,1,1,1
chinare2010,1,1,1
chinare2012,1,1,1
chirikov,1,1,1
chirikov.csv,1,1,1
chironomidae,1,1,1
chl.txt,1,1,1
choice,1,1,1
chukchisea,1,1,1
cims,1,1,1
cipehr,1,1,1
cipehr.txt,1,1,1
citations,1,1,1
cladoceran,1,1,1
class.csv,1,1,1
classes.csv,1,1,1
classifications,1,1,1
climate.csv,1,1,1
cn.csv,1,1,1
cn2015,1,1,1
cnbiomass.csv,1,1,1
cnter.csv,1,1,1
cnv.dat,1,1,1
co.csv,1,1,1
coalminemet2012,1,1,1
coalminemet2013,1,1,1
coalminemet2014,1,1,1
coalminemet2015,1,1,1
coalminemet2016,1,1,1
coalminesoilmoist2012,1,1,1
coalminesoilmoist2013,1,1,1
coalminesoilmoist2014,1,1,1
coalminesoilmoist2015,1,1,1
coalminesoilmoist2016,1,1,1
coalminesoiltemp2012,1,1,1
coalminesoiltemp2013,1,1,1
coalminesoiltemp2014,1,1,1
coalminesoiltemp2015,1,1,1
coalminesoiltemp2016,1,1,1
coast.zip,1,1,1
code,1,1,1
codes.csv,1,1,1
coefficients,1,1,1
collection,1,1,1
college,1,1,1
colombolla,1,1,1
colorregions.csv,1,1,1
common,1,1,1
commongarden,1,1,1
communityplanningtool,1,1,1
communty,1,1,1
comp,1,1,1
comparison.csv,1,1,1
compatible,1,1,1
composite,1,1,1
composite.csv,1,1,1
compounds.csv,1,1,1
concentrations.csv,1,1,1
conditions.csv,1,1,1
conductance.csv,1,1,1
conductivity,1,1,1
cones,1,1,1
contents.csv,1,1,1
continents.zip,1,1,1
contrasts.csv,1,1,1
control.nc,1,1,1
control1,1,1,1
control2,1,1,1
core10,1,1,1
core11,1,1,1
core12,1,1,1
core13,1,1,1
core14,1,1,1
core15,1,1,1
core16,1,1,1
core8,1,1,1
core8spiral,1,1,1
core9,1,1,1
coredataarcgis.csv,1,1,1
coremetadata.csv,1,1,1
coresampleinfo.csv,1,1,1
corrections,1,1,1
cove,1,1,1
creatures,1,1,1
crrel,1,1,1
cruise,1,1,1
cruiselocation.csv,1,1,1
crusteceans,1,1,1
cruz,1,1,1
cryomoist.csv,1,1,1
cs1,1,1,1
cs10,1,1,1
cs12,1,1,1
cs12r,1,1,1
cs16,1,1,1
cs4r.dcc,1,1,1
cs6r,1,1,1
ct71,1,1,1
ctd.csv,1,1,1
ctd153,1,1,1
ctd154,1,1,1
ctd155,1,1,1
ctd156,1,1,1
ctd157,1,1,1
ctd158,1,1,1
ctd159,1,1,1
ctd160,1,1,1
ctd161,1,1,1
ctd162,1,1,1
ctd163,1,1,1
ctd164,1,1,1
ctd165,1,1,1
ctd166,1,1,1
ctd167,1,1,1
ctd168,1,1,1
ctd169,1,1,1
ctd170,1,1,1
ctd171,1,1,1
ctd172,1,1,1
ctd173,1,1,1
ctd174,1,1,1
ctd175,1,1,1
ctd176,1,1,1
ctd177,1,1,1
ctd178,1,1,1
ctd179,1,1,1
ctd180,1,1,1
ctd181,1,1,1
ctd182,1,1,1
ctd183,1,1,1
ctd184,1,1,1
ctd185,1,1,1
ctd186,1,1,1
ctd187,1,1,1
ctd188,1,1,1
ctd189,1,1,1
ctd190,1,1,1
ctd191,1,1,1
ctd192,1,1,1
ctd193,1,1,1
ctd194,1,1,1
ctd195,1,1,1
ctd196,1,1,1
ctd197,1,1,1
ctd198,1,1,1
ctd199,1,1,1
ctd200,1,1,1
ctd201,1,1,1
ctd202,1,1,1
ctd203,1,1,1
ctd204,1,1,1
ctd205,1,1,1
ctd206,1,1,1
ctd207,1,1,1
ctd208,1,1,1
ctd209,1,1,1
ctd210,1,1,1
ctd211,1,1,1
ctd212,1,1,1
ctd213,1,1,1
ctd214,1,1,1
ctd215,1,1,1
ctd216,1,1,1
ctd217,1,1,1
ctd218,1,1,1
ctd219,1,1,1
ctd220,1,1,1
ctd221,1,1,1
ctd222,1,1,1
ctd223,1,1,1
ctd224,1,1,1
ctd225,1,1,1
ctd226,1,1,1
ctd227,1,1,1
ctd228,1,1,1
ctd229,1,1,1
ctd230,1,1,1
ctd231,1,1,1
ctd232,1,1,1
ctd233,1,1,1
ctd234,1,1,1
ctd235,1,1,1
ctd236,1,1,1
ctd237,1,1,1
ctd238,1,1,1
ctd239,1,1,1
ctd240,1,1,1
ctd241,1,1,1
ctd242,1,1,1
ctd243,1,1,1
ctd244,1,1,1
ctd245,1,1,1
ctd246,1,1,1
ctd247,1,1,1
ctd248,1,1,1
ctd249,1,1,1
ctd250,1,1,1
ctd251,1,1,1
ctd252,1,1,1
ctd253,1,1,1
ctdcalibration,1,1,1
cultivatedisolates.csv,1,1,1
curve,1,1,1
cutter,1,1,1
cw,1,1,1
d.dat,1,1,1
d07,1,1,1
d12301avg.cnv,1,1,1
d15101avg.cnv,1,1,1
d15n2,1,1,1
d2013,1,1,1
d4i,1,1,1
daphnia,1,1,1
daphniaexpansiontaylor,1,1,1
dark,1,1,1
data.all.csv,1,1,1
data.xlsx,1,1,1
data0214,1,1,1
data15,1,1,1
data60,1,1,1
dataset.txt,1,1,1
datasources,1,1,1
dbo.csv,1,1,1
dbo4procarchive,1,1,1
dbo4procarchive.nc,1,1,1
dboncis,1,1,1
dboregionscolor.csv,1,1,1
deadhorse,1,1,1
deadtrees,1,1,1
dec.csv,1,1,1
dec1853,1,1,1
decomposition,1,1,1
decompositionrate,1,1,1
deerdensity.zip,1,1,1
delc,1,1,1
deln,1,1,1
delores,1,1,1
delta,1,1,1
dendrit,1,1,1
densiometer,1,1,1
densities,1,1,1
densitygradient,1,1,1
deployment,1,1,1
depth.txt,1,1,1
depths,1,1,1
descriptions.csv,1,1,1
detection,1,1,1
df002,1,1,1
df004,1,1,1
df005,1,1,1
df006,1,1,1
df007,1,1,1
dh2,1,1,1
diatom,1,1,1
diel,1,1,1
dietrich.ring.widths.long.csv,1,1,1
dis.csv,1,1,1
discharge.csv,1,1,1
disequilibrium,1,1,1
disko,1,1,1
diskob2015,1,1,1
diskocore2015,1,1,1
diskofirn2014,1,1,1
diskosnowpit2014,1,1,1
diskosnowpit2015,1,1,1
diskouummannaqbayglaciertermini85,1,1,1
diss.txt,1,1,1
dock,1,1,1
dominantbenthicmacroinfauna,1,1,1
don.txt,1,1,1
dp,1,1,1
dragspool.csv,1,1,1
drainage,1,1,1
drainage.zip,1,1,1
drilling,1,1,1
drogue.csv,1,1,1
drypehr.txt,1,1,1
dwnstrsporadicdischarge,1,1,1
dyeconcprofile,1,1,1
e06,1,1,1
e12202avg.cnv,1,1,1
e15601avg.cnv,1,1,1
eah,1,1,1
earlyszn.aon.txt,1,1,1
ecocrflx95,1,1,1
ecocrflx96,1,1,1
education,1,1,1
egg,1,1,1
eggs.csv,1,1,1
elev.tif,1,1,1
elev.zip,1,1,1
elevation.csv,1,1,1
em.d01,1,1,1
emf,1,1,1
environmental,1,1,1
environmentdata,1,1,1
envmicrobiol2016,1,1,1
eriophorum,1,1,1
esquibel2m.tfw,1,1,1
esquibel2m.tif,1,1,1
esquibel2m.tif.ovr,1,1,1
etip,1,1,1
etip.dat,1,1,1
eto,1,1,1
eugster,1,1,1
exclusion,1,1,1
extension,1,1,1
f05,1,1,1
f12101avg.cnv,1,1,1
f15501avg.cnv,1,1,1
fac,1,1,1
fall,1,1,1
faunaldata,1,1,1
fb1,1,1,1
fbw,1,1,1
fcb,1,1,1
fcs,1,1,1
fe.csv,1,1,1
feature,1,1,1
feb,1,1,1
feb1853,1,1,1
fertilization,1,1,1
fgr,1,1,1
fielddata,1,1,1
file.fasta,1,1,1
filled.csv,1,1,1
filtered.csv,1,1,1
final.csv,1,1,1
finaladc.csv,1,1,1
finedeadbiomass,1,1,1
finelivebiomass,1,1,1
fireweather,1,1,1
firn.csv,1,1,1
firnaquiferdetections2010,1,1,1
firnaquiferdetections2011,1,1,1
firnaquiferdetections2012,1,1,1
firnaquiferdetections2013,1,1,1
firnaquiferdetections2014,1,1,1
firnaquiferdetections2015,1,1,1
firnaquiferdetections2016,1,1,1
firnaquiferdetections2017,1,1,1
firnaquiferextent,1,1,1
firnlayer,1,1,1
fish,1,1,1
fishscapegeneticsitelocations,1,1,1
fl003,1,1,1
fl004,1,1,1
fl005,1,1,1
fl006,1,1,1
fl007,1,1,1
fl009,1,1,1
fl011,1,1,1
fl012,1,1,1
fl015,1,1,1
fl016,1,1,1
fl017,1,1,1
flightpasses.zip,1,1,1
floatplane,1,1,1
floatplanedata4,1,1,1
flowers,1,1,1
flux.txt,1,1,1
fluxes.txt,1,1,1
forarchive,1,1,1
forqaqc.csv,1,1,1
foxx,1,1,1
fraction,1,1,1
franklin,1,1,1
freezing,1,1,1
freybgcsamples,1,1,1
fts,1,1,1
fungal,1,1,1
fungi.its.classifiers,1,1,1
fungi.its.otu,1,1,1
fungus,1,1,1
future,1,1,1
fv,1,1,1
fwd,1,1,1
g04,1,1,1
g12001avg.cnv,1,1,1
g15401avg.cnv,1,1,1
gage,1,1,1
gakona,1,1,1
galbraith,1,1,1
game,1,1,1
gap,1,1,1
gap.csv,1,1,1
garcia,1,1,1
gas,1,1,1
gases.csv,1,1,1
gateways.pdf,1,1,1
gcnet.txt,1,1,1
gcps,1,1,1
gdb.zip,1,1,1
geadcdata,1,1,1
gene,1,1,1
generamethod.csv,1,1,1
geo,1,1,1
geo.zip,1,1,1
geochem.csv,1,1,1
geochemistry,1,1,1
geochip,1,1,1
geodata.csv,1,1,1
geotec.csv,1,1,1
gl1,1,1,1
glaciers.nc,1,1,1
gpr.csv,1,1,1
gpr.kml,1,1,1
gps.csv,1,1,1
gps620,1,1,1
gradistr,1,1,1
graminoids.csv,1,1,1
gravmoistcontent.csv,1,1,1
gravmoistcontsoils.csv,1,1,1
gravmoistcontsr,1,1,1
greenise,1,1,1
greyscale,1,1,1
grid,1,1,1
grn,1,1,1
ground,1,1,1
groundwater,1,1,1
gs,1,1,1
gtc01,1,1,1
gtc02,1,1,1
gtc03,1,1,1
gtc04,1,1,1
gtc05,1,1,1
gtc06,1,1,1
gtc07,1,1,1
gulkana,1,1,1
gull,1,1,1
gw2014,1,1,1
h03,1,1,1
h11901avg.cnv,1,1,1
h1202,1,1,1
h15301avg.cnv,1,1,1
h2,1,1,1
h5,1,1,1
h94,1,1,1
h95,1,1,1
habitats,1,1,1
happy,1,1,1
hare,1,1,1
harper,1,1,1
hc014,1,1,1
healy2018,1,1,1
heatflux,1,1,1
herbex.csv,1,1,1
herds.zip,1,1,1
herdspatialdistribution.zip,1,1,1
hg,1,1,1
highres.csv,1,1,1
highsnowlowice1,1,1,1
highsnowlowice2,1,1,1
historic,1,1,1
hits.csv,1,1,1
hly1203,1,1,1
hly1401,1,1,1
hmismatch,1,1,1
hobo.csv,1,1,1
holocene,1,1,1
horses,1,1,1
hourly.txt,1,1,1
hp1,1,1,1
hp2,1,1,1
hr,1,1,1
hspeedmismatch,1,1,1
humangeneticdata,1,1,1
humidity,1,1,1
hunter.csv,1,1,1
hv94,1,1,1
hwe.csv,1,1,1
hydrogen,1,1,1
hydrography,1,1,1
hydrography.csv,1,1,1
i02,1,1,1
i1,1,1,1
i11801avg.cnv,1,1,1
i15201avg.cnv,1,1,1
i2,1,1,1
i3,1,1,1
i4,1,1,1
icecaps,1,1,1
icecentralcore2015,1,1,1
icecentralsnowpit2015,1,1,1
icecore,1,1,1
iceeastfirn2014,1,1,1
iceeastsnowpit2014,1,1,1
icetemperature,1,1,1
icewedge,1,1,1
icewestfirncore2014,1,1,1
icewestsnowpit2014,1,1,1
ich,1,1,1
icpms.csv,1,1,1
ics,1,1,1
im1,1,1,1
imnavaitcr,1,1,1
impedance,1,1,1
inclinometry,1,1,1
inclinometry620,1,1,1
inflow,1,1,1
info,1,1,1
inorganic,1,1,1
input.nsres.csv,1,1,1
insects,1,1,1
instrument,1,1,1
instruments.csv,1,1,1
invert,1,1,1
io2,1,1,1
io3,1,1,1
io4,1,1,1
io5,1,1,1
io6,1,1,1
io7,1,1,1
io8,1,1,1
irms.csv,1,1,1
isolateidentity.csv,1,1,1
itp32final.zip,1,1,1
itp32rawlocs.dat,1,1,1
itp33final.zip,1,1,1
itp33rawlocs.dat,1,1,1
itp34final.zip,1,1,1
itp34rawlocs.dat,1,1,1
itp36final.zip,1,1,1
itp36rawlocs.dat,1,1,1
itp37final.zip,1,1,1
itp37rawlocs.dat,1,1,1
itp38final.zip,1,1,1
itp38rawlocs.dat,1,1,1
itp41final.zip,1,1,1
itp41rawlocs.dat,1,1,1
itp42final.zip,1,1,1
itp42rawlocs.dat,1,1,1
itp43final.zip,1,1,1
itp43rawlocs.dat,1,1,1
itp47final.zip,1,1,1
itp47rawlocs.dat,1,1,1
itp48final.zip,1,1,1
itp48rawlocs.dat,1,1,1
itp49final.zip,1,1,1
itp49rawlocs.dat,1,1,1
itp51final.zip,1,1,1
itp51rawlocs.dat,1,1,1
itp52final.zip,1,1,1
itp52rawlocs.dat,1,1,1
itp53final.zip,1,1,1
itp53rawlocs.dat,1,1,1
itp54final.zip,1,1,1
itp54rawlocs.dat,1,1,1
itp55final.zip,1,1,1
itp55rawlocs.dat,1,1,1
itp59,1,1,1
itp60,1,1,1
itp64,1,1,1
itp65,1,1,1
itp68,1,1,1
itp69,1,1,1
itp72,1,1,1
itp84,1,1,1
itp85,1,1,1
itp99,1,1,1
iv4,1,1,1
j01,1,1,1
jago,1,1,1
jan1853,1,1,1
jarviscreekdwnstrdischarge2013,1,1,1
jarviscreekdwnstrdischarge2014,1,1,1
jarviscreekdwnstrdischarge2015,1,1,1
jarviscreekdwnstrdischarge2016,1,1,1
jarviscreekupstrdischarge2015,1,1,1
jarviscreekupstrdischarge2016,1,1,1
jarviswatershedsnow,1,1,1
jeco,1,1,1
journal.pone,1,1,1
jul1853,1,1,1
jul2017,1,1,1
july2011,1,1,1
july2013,1,1,1
july2017,1,1,1
julyaug,1,1,1
jun1853,1,1,1
junction,1,1,1
june2018,1,1,1
ka,1,1,1
kaktovik,1,1,1
kanger,1,1,1
kangerlussuaq,1,1,1
kc1,1,1,1
khromov10,1,1,1
khromov11,1,1,1
kml,1,1,1
krilllengthdata.csv,1,1,1
kugurak,1,1,1
kugururok.ring.widths.long.csv,1,1,1
kupaa.csv,1,1,1
kupatr.csv,1,1,1
kupba.csv,1,1,1
kupbic.csv,1,1,1
kupbok.csv,1,1,1
kupbwh.csv,1,1,1
kuproadq.csv,1,1,1
kuptr.csv,1,1,1
l520top,1,1,1
l9819,1,1,1
l9820,1,1,1
laicpms.csv,1,1,1
lakedepthpoints,1,1,1
lakeicethickness,1,1,1
lakes,1,1,1
land,1,1,1
language,1,1,1
larch,1,1,1
larchbai,1,1,1
larchrecruitment,1,1,1
launches,1,1,1
layers,1,1,1
ldt2018,1,1,1
leads,1,1,1
leafwax,1,1,1
lemm.csv,1,1,1
levelogger,1,1,1
lichen,1,1,1
light,1,1,1
lignin.csv,1,1,1
liljedahl,1,1,1
line01dbo,1,1,1
line09,1,1,1
lipid,1,1,1
litter,1,1,1
litterndecomp,1,1,1
livengood,1,1,1
livetrees,1,1,1
locational,1,1,1
locations.csv,1,1,1
locs.csv,1,1,1
log,1,1,1
long.csv,1,1,1
longitidinal,1,1,1
lose,1,1,1
lssl,1,1,1
lter2,1,1,1
lw,1,1,1
lz337to364,1,1,1
lz346to364,1,1,1
lzw.tif,1,1,1
m14101avg.cnv,1,1,1
m95,1,1,1
m9925,1,1,1
macrofaunal,1,1,1
mag,1,1,1
magentic,1,1,1
magicc,1,1,1
majorelements.csv,1,1,1
majorfeatures20151202,1,1,1
mammalmammalwatchdata,1,1,1
management,1,1,1
mar1853,1,1,1
mar2020,1,1,1
marinemammalwatchdata,1,1,1
massbalance,1,1,1
masspertiller,1,1,1
master.csv,1,1,1
material,1,1,1
may1853,1,1,1
mccallglacieruppercirquewaterisotopes,1,1,1
mcfall,1,1,1
mclaren,1,1,1
mctops,1,1,1
meandailyq.csv,1,1,1
means,1,1,1
measurements.csv,1,1,1
melt.csv,1,1,1
melting.csv,1,1,1
meltpercent,1,1,1
membranes,1,1,1
mendenhall.csv,1,1,1
mesic,1,1,1
metabolites.csv,1,1,1
metadata.txt,1,1,1
meteorological.txt,1,1,1
methane,1,1,1
microprobe.txt,1,1,1
microprobes.tsv,1,1,1
microsatellites,1,1,1
middle,1,1,1
minute,1,1,1
misc,1,1,1
mitesoilpredsurfpredbacfun,1,1,1
mmp.nc,1,1,1
mocat,1,1,1
model.zip,1,1,1
modeledbathymetry,1,1,1
modern,1,1,1
module,1,1,1
module.txt,1,1,1
mois,1,1,1
moist,1,1,1
moisture.csv,1,1,1
molefraction,1,1,1
monthly.csv,1,1,1
mooregrebmeiervagle.csv,1,1,1
mosaic.zip,1,1,1
mount,1,1,1
mountain,1,1,1
mpn.csv,1,1,1
msa,1,1,1
msc,1,1,1
mscl.csv,1,1,1
mslp,1,1,1
myco,1,1,1
n14201avg.cnv,1,1,1
n20,1,1,1
na.csv,1,1,1
nabos18,1,1,1
nagapdata.csv,1,1,1
nagapuniqueidentifiers.csv,1,1,1
ncepv1,1,1,1
ndvi.csv,1,1,1
ndvimax,1,1,1
nee.csv,1,1,1
neem,1,1,1
neem2008s3,1,1,1
neem2009s2,1,1,1
neighbor,1,1,1
neighborhoodvegetation2015,1,1,1
nejanilinimacrofossil.csv,1,1,1
nep,1,1,1
nest,1,1,1
net,1,1,1
network,1,1,1
ngrip,1,1,1
nice,1,1,1
nicegaindis.csv,1,1,1
nitrate.txt,1,1,1
nline3,1,1,1
nline5,1,1,1
nmhc,1,1,1
nmin.csv,1,1,1
nmr,1,1,1
no.txt,1,1,1
noaa,1,1,1
noble,1,1,1
nome,1,1,1
northland,1,1,1
northmountainthule.csv,1,1,1
northslope,1,1,1
nov1853,1,1,1
nov2017,1,1,1
nox.txt,1,1,1
np,1,1,1
npeo2010bottledata.csv,1,1,1
npeo2012,1,1,1
npeochem2000data.csv,1,1,1
npeochem2001data.csv,1,1,1
npeochem2002data.csv,1,1,1
npeochem2003data.csv,1,1,1
npeochem2004data.csv,1,1,1
npeochem2005data.csv,1,1,1
npeochem2006data.csv,1,1,1
npeochem2007data.csv,1,1,1
npeochem2008data.csv,1,1,1
npeochem2015,1,1,1
npeochemdata2011,1,1,1
npeochemdata2013,1,1,1
npeochemdata2014,1,1,1
npr,1,1,1
ns,1,1,1
nsfshelfbreak,1,1,1
nu2015,1,1,1
nutrients,1,1,1
nuus2015,1,1,1
nuussuaqfirn2014,1,1,1
nuussuaqsnowpit2014,1,1,1
nuussuaqsnowpit2015,1,1,1
o14301avg.cnv,1,1,1
oas,1,1,1
observations,1,1,1
observed,1,1,1
oct1853,1,1,1
od1507mctopsqxrd.csv,1,1,1
oddi,1,1,1
oden2012,1,1,1
odv.csv,1,1,1
ojp,1,1,1
oksgaindis.csv,1,1,1
okslosedis.csv,1,1,1
om,1,1,1
opp,1,1,1
optical.csv,1,1,1
optical2,1,1,1
orig.xlsx,1,1,1
original.nsres.csv,1,1,1
outflow,1,1,1
ouyangchinare2012,1,1,1
ouyangchinare2014,1,1,1
overlap,1,1,1
owenicecore,1,1,1
p14401avg.cnv,1,1,1
p2,1,1,1
p3,1,1,1
pacmars,1,1,1
pahs.csv,1,1,1
paper.nc,1,1,1
par.txt,1,1,1
parameters,1,1,1
part1,1,1,1
part2,1,1,1
pasqual,1,1,1
pc,1,1,1
pcb,1,1,1
pco2,1,1,1
pd.txt,1,1,1
pdf,1,1,1
percentcov.csv,1,1,1
percentcover,1,1,1
perchlorate,1,1,1
permafrost,1,1,1
permeability,1,1,1
pf,1,1,1
pf.txt,1,1,1
phenologyndvisenescenceactvieleaves,1,1,1
phlebovirus,1,1,1
photobioaqy,1,1,1
photosynthesis,1,1,1
photosynthetic,1,1,1
phoxmelt,1,1,1
physical.csv,1,1,1
pigments,1,1,1
pilotstudy.nc,1,1,1
plankton,1,1,1
pleistocene,1,1,1
plotdata.csv,1,1,1
plotffluxes,1,1,1
plotlevelpercentcover2015,1,1,1
pollen,1,1,1
polygon,1,1,1
polygons,1,1,1
polygons.zip,1,1,1
pon.txt,1,1,1
poopplots.csv,1,1,1
pore,1,1,1
porevolumes,1,1,1
porewater,1,1,1
porewater.txt,1,1,1
porosity,1,1,1
positions,1,1,1
positions.csv,1,1,1
potential,1,1,1
pp.txt,1,1,1
ppm.csv,1,1,1
ppt,1,1,1
pre2014,1,1,1
prelim,1,1,1
procedural,1,1,1
product,1,1,1
production,1,1,1
proglacial,1,1,1
project,1,1,1
projectedretreat.nc,1,1,1
psii,1,1,1
pstuv,1,1,1
ptdelor,1,1,1
ptdelor1m.tfw,1,1,1
ptdelor1m.tif,1,1,1
ptdelor1m.tif.aux.xml,1,1,1
ptdelor1m.tif.ovr,1,1,1
ptframe,1,1,1
ptintercept,1,1,1
putuligayuk,1,1,1
pw.txt,1,1,1
pwtr,1,1,1
q.csv,1,1,1
q14701avg.cnv,1,1,1
qfo,1,1,1
qk,1,1,1
qpcr.csv,1,1,1
quad,1,1,1
quality,1,1,1
quality.csv,1,1,1
quantum,1,1,1
qxrd.csv,1,1,1
r0,1,1,1
r0066,1,1,1
r14601avg.cnv,1,1,1
r1969,1,1,1
radiocarbon,1,1,1
radiochemistry,1,1,1
radium,1,1,1
radon,1,1,1
rain.csv,1,1,1
random,1,1,1
range,1,1,1
rapids,1,1,1
rar,1,1,1
rates.csv,1,1,1
rating,1,1,1
raven,1,1,1
ravenlakethule.csv,1,1,1
rawcounts.csv,1,1,1
rayleigh,1,1,1
rb1505,1,1,1
rdrp.csv,1,1,1
reagent,1,1,1
rechargeyear.csv,1,1,1
ref.csv,1,1,1
reflectors.zip,1,1,1
refugio,1,1,1
regional,1,1,1
regions,1,1,1
regions.zip,1,1,1
regionscolor,1,1,1
relaxed,1,1,1
rentention2009,1,1,1
resample.csv,1,1,1
researchsites,1,1,1
resightings.csv,1,1,1
resights.csv,1,1,1
resin.csv,1,1,1
result.csv,1,1,1
results,1,1,1
rgb,1,1,1
riverdischargedata,1,1,1
rivers,1,1,1
road,1,1,1
rocks,1,1,1
rootbiomass.csv,1,1,1
rootbiomass2015,1,1,1
roots,1,1,1
roster,1,1,1
routepoints.zip,1,1,1
rs22,1,1,1
rs27,1,1,1
rs29,1,1,1
rs31,1,1,1
rt,1,1,1
rtf,1,1,1
run01,1,1,1
run02,1,1,1
run03,1,1,1
run04,1,1,1
run05,1,1,1
run06,1,1,1
run07,1,1,1
run08,1,1,1
run09,1,1,1
run10,1,1,1
run11,1,1,1
run12,1,1,1
run13,1,1,1
run14,1,1,1
run15,1,1,1
run16,1,1,1
run17,1,1,1
run18,1,1,1
run19,1,1,1
run20,1,1,1
run21,1,1,1
rusalca10057,1,1,1
rusalca10058,1,1,1
rusalca10059,1,1,1
rusalca10060,1,1,1
rusalca10061,1,1,1
rusalca10062,1,1,1
rusalca10063,1,1,1
rusalca10064,1,1,1
rusalca10065,1,1,1
rusalca10066,1,1,1
rusalca10067,1,1,1
rusalca10068,1,1,1
rusalca10069,1,1,1
rusalca10070,1,1,1
rusalca10071,1,1,1
rusalca10072,1,1,1
rusalca10073,1,1,1
rusalca10074,1,1,1
rusalca10075,1,1,1
rusalca10076,1,1,1
rusalca10077,1,1,1
rusalca10078,1,1,1
rusalca11061,1,1,1
rusalca11062,1,1,1
rusalca11063,1,1,1
rusalca11064,1,1,1
rusalca11065,1,1,1
rusalca11066,1,1,1
rusalca11067,1,1,1
rusalca11068,1,1,1
rusalca11069,1,1,1
rusalca11070,1,1,1
rusalca11071,1,1,1
rusalca2013sightingsonly,1,1,1
rusalcamammal2010,1,1,1
s001,1,1,1
s14501avg.cnv,1,1,1
s2,1,1,1
s4,1,1,1
sagmat,1,1,1
sagmnt,1,1,1
sami11,1,1,1
sami12,1,1,1
sami14,1,1,1
sami55,1,1,1
sami56,1,1,1
sami58,1,1,1
sami87,1,1,1
sami88,1,1,1
sample.nc,1,1,1
samples.csv,1,1,1
san,1,1,1
santa,1,1,1
saplings.csv,1,1,1
sapwood,1,1,1
sar,1,1,1
saturated,1,1,1
sbe09,1,1,1
sbe25,1,1,1
sbg,1,1,1
sbi2002,1,1,1
scattering,1,1,1
scd.aon.txt,1,1,1
schools,1,1,1
seawater,1,1,1
seb,1,1,1
sectors.nc,1,1,1
sediment.csv,1,1,1
sediments.csv,1,1,1
seedlingdata.csv,1,1,1
seedlings,1,1,1
segmentsnumber.zip,1,1,1
selective,1,1,1
senescence,1,1,1
sensorinfo.txt,1,1,1
sep1853,1,1,1
september2009,1,1,1
settlementtilesnormalized.csv,1,1,1
seward,1,1,1
sexes.csv,1,1,1
shallow,1,1,1
shapefile,1,1,1
sheet,1,1,1
sheet1,1,1,1
sheet3,1,1,1
shelf,1,1,1
shrub.csv,1,1,1
shrubmetric,1,1,1
siberia.csv,1,1,1
sidekick1,1,1,1
sidekick2,1,1,1
sidekick3,1,1,1
sidekick4,1,1,1
sikuiui2017loi.txt,1,1,1
sikuiui2017moss.txt,1,1,1
sikuiui2017xrf.txt,1,1,1
silicate.txt,1,1,1
sirwilfridlaurier2014,1,1,1
sirwilfridlaurier2016,1,1,1
sirwilfridlaurier2017,1,1,1
sirwilfridlaurier2018,1,1,1
sitedata.csv,1,1,1
sitegps.csv,1,1,1
siteinfo.csv,1,1,1
sites,1,1,1
sites.csv,1,1,1
sites.kml,1,1,1
sites.zip,1,1,1
sites95,1,1,1
sitesroster.xlsx,1,1,1
sixgill,1,1,1
skq2016,1,1,1
skq2017,1,1,1
sl.csv,1,1,1
sl5,1,1,1
sl6,1,1,1
sli.csv,1,1,1
sline1,1,1,1
sline3,1,1,1
sline5,1,1,1
slump.csv,1,1,1
sm07c2,1,1,1
small.txt,1,1,1
smoore,1,1,1
smoore.xlsx,1,1,1
sn10522,1,1,1
sn10523,1,1,1
sn10524,1,1,1
sn10525,1,1,1
sn10529,1,1,1
sn11187,1,1,1
sn11292,1,1,1
sn11765,1,1,1
sn12921,1,1,1
sn12923,1,1,1
sn12924,1,1,1
sn12925,1,1,1
sn12927,1,1,1
sn19033,1,1,1
sn19035,1,1,1
sn19063,1,1,1
sn19143,1,1,1
sn22021,1,1,1
sn22119,1,1,1
sn2355,1,1,1
sn2357,1,1,1
sn2362,1,1,1
sn2365,1,1,1
sn2371,1,1,1
sn2373,1,1,1
sn2378,1,1,1
sn2379,1,1,1
sn2381,1,1,1
sn2418,1,1,1
sn2420,1,1,1
sn2421,1,1,1
sn2422,1,1,1
sn2423,1,1,1
sn2425,1,1,1
sn2426,1,1,1
sn2427,1,1,1
sn2428,1,1,1
sn2429,1,1,1
sn2430,1,1,1
sn2432,1,1,1
sn2433,1,1,1
sn2434,1,1,1
sn2436,1,1,1
sn3380,1,1,1
sn3441,1,1,1
sn6278,1,1,1
sn6279,1,1,1
sn6280,1,1,1
sn6282,1,1,1
sn6309,1,1,1
snmr,1,1,1
snowdata,1,1,1
snowfence,1,1,1
snowfences,1,1,1
snowonseaice.csv,1,1,1
snowonseaice.nc,1,1,1
snowpits,1,1,1
snowremvoalmethod,1,1,1
soilnitrogen,1,1,1
soilnitrogen2016,1,1,1
soilnutrients,1,1,1
soilrespiration,1,1,1
soilsdata.csv,1,1,1
soilsdesc.csv,1,1,1
soiltemps.csv,1,1,1
solid,1,1,1
solids.csv,1,1,1
solutes.csv,1,1,1
solution,1,1,1
som.csv,1,1,1
sources.xlsx,1,1,1
southsli,1,1,1
species.csv,1,1,1
specific,1,1,1
specs.csv,1,1,1
spectra,1,1,1
spp,1,1,1
spruce,1,1,1
sr,1,1,1
ss.csv,1,1,1
ss1,1,1,1
ss2,1,1,1
ss3,1,1,1
ss4,1,1,1
sse,1,1,1
st.csv,1,1,1
st1,1,1,1
st11,1,1,1
st3,1,1,1
st7,1,1,1
st8,1,1,1
stablecarbonnitrogenisotopes.csv,1,1,1
staff.csv,1,1,1
stand,1,1,1
stanresults.csv,1,1,1
star,1,1,1
staroddi,1,1,1
static,1,1,1
stationdata.csv,1,1,1
stemht.csv,1,1,1
sterols.csv,1,1,1
stomatal,1,1,1
stream,1,1,1
stress.csv,1,1,1
sts,1,1,1
submission.csv,1,1,1
subplot,1,1,1
success.csv,1,1,1
summit2013,1,1,1
summitbid,1,1,1
summitsnowdensity,1,1,1
summitsnowgrains,1,1,1
summitsnowtemperature,1,1,1
super16data.csv,1,1,1
surf.tif,1,1,1
survey.csv,1,1,1
susceptibility,1,1,1
susp,1,1,1
sv1,1,1,1
svalbard,1,1,1
sw1,1,1,1
sw2,1,1,1
sw4,1,1,1
sw5,1,1,1
sw6,1,1,1
sw7,1,1,1
sw8,1,1,1
swgreenland.csv,1,1,1
swgreenland.xlsx,1,1,1
swl15,1,1,1
swl16,1,1,1
swl2012,1,1,1
swl2013,1,1,1
swl2014,1,1,1
swl2016,1,1,1
swt,1,1,1
synthetic,1,1,1
t1stemht.csv,1,1,1
t2stemht.csv,1,1,1
t3stemht.csv,1,1,1
table.txt,1,1,1
table2,1,1,1
table4,1,1,1
tag,1,1,1
taylor2017,1,1,1
tbl3.10,1,1,1
tbl3.11,1,1,1
tbl3.12,1,1,1
tbl3.13,1,1,1
tbl3.1a,1,1,1
tbl3.1b,1,1,1
tbl3.2a,1,1,1
tbl3.2b,1,1,1
tbl3.2c,1,1,1
tbl3.3,1,1,1
tbl3.4a,1,1,1
tbl3.4b,1,1,1
tbl3.4c,1,1,1
tbl3.5,1,1,1
tbl3.6,1,1,1
tbl3.7,1,1,1
tbl3.8,1,1,1
tbl3.9,1,1,1
tc,1,1,1
templogger,1,1,1
temploggerdata.csv,1,1,1
tephra,1,1,1
tephras,1,1,1
test,1,1,1
tfs1011,1,1,1
tfs1415,1,1,1
tfs1616,1,1,1
thaw.csv,1,1,1
thawdepth.csv,1,1,1
therm.csv,1,1,1
thickness,1,1,1
thickness.txt,1,1,1
thicknssfroznlayr.csv,1,1,1
thru20100305,1,1,1
thule2017spring.pdf,1,1,1
thuleafb,1,1,1
tidbitdepths.txt,1,1,1
tidbitwatertemperature,1,1,1
tiller,1,1,1
tilt124,1,1,1
tilt125,1,1,1
tilt126,1,1,1
time.csv,1,1,1
tippingbucket,1,1,1
togiakdebitage.csv,1,1,1
togiakradiocarbon.csv,1,1,1
tooliklakeprecipitationisotopes.csv,1,1,1
toolikleafisotopes.csv,1,1,1
toolikprecipisotopes.csv,1,1,1
tooliksoilisotopes.csv,1,1,1
total.csv,1,1,1
tr3,1,1,1
trace,1,1,1
traceelements.csv,1,1,1
tracer,1,1,1
transect,1,1,1
transect.csv,1,1,1
transpiration.csv,1,1,1
trap.csv,1,1,1
traps.csv,1,1,1
tritium.csv,1,1,1
truffer.csv,1,1,1
tubuk,1,1,1
tubuktulik,1,1,1
tunu13,1,1,1
tunuvadataadc.csv,1,1,1
tussock.csv,1,1,1
twlv.dat,1,1,1
txyuvpt2013,1,1,1
type,1,1,1
types.txt,1,1,1
u10,1,1,1
u42,1,1,1
u44,1,1,1
u46,1,1,1
u47,1,1,1
u51,1,1,1
u55,1,1,1
u57,1,1,1
u58,1,1,1
u94,1,1,1
u95,1,1,1
ucb,1,1,1
uf,1,1,1
ufarm.csv,1,1,1
uls,1,1,1
umiat,1,1,1
uncertainty.csv,1,1,1
understory,1,1,1
underway.txt,1,1,1
units.zip,1,1,1
update.csv,1,1,1
updated.csv,1,1,1
updatedchla.csv,1,1,1
upingers.csv,1,1,1
upperkuparuk,1,1,1
upstrsporadicdischarge,1,1,1
us36,1,1,1
us43,1,1,1
us49,1,1,1
us50,1,1,1
utm5,1,1,1
v0.1,1,1,1
v041116,1,1,1
v10,1,1,1
v21,1,1,1
va,1,1,1
va108,1,1,1
va152,1,1,1
vaginatum,1,1,1
valley,1,1,1
variables.csv,1,1,1
veg,1,1,1
vegbiomass,1,1,1
vegcover,1,1,1
vege,1,1,1
vegetation,1,1,1
vegetation.csv,1,1,1
vegetationheight2015,1,1,1
vegpercentcover,1,1,1
vertical,1,1,1
vf.csv,1,1,1
viable,1,1,1
viablearea.rar,1,1,1
village.csv,1,1,1
viral,1,1,1
virkkala,1,1,1
voc,1,1,1
volumetric,1,1,1
vspeedmismatch,1,1,1
vulcan,1,1,1
vviper,1,1,1
waisdivide,1,1,1
watercolumn.csv,1,1,1
waterisotopes.csv,1,1,1
watertemp.csv,1,1,1
wave,1,1,1
wavelogger,1,1,1
wavelogger2,1,1,1
waveloggertemperature,1,1,1
wd1,1,1,1
wdn,1,1,1
weir.csv,1,1,1
west,1,1,1
westgreenland2013wm1,1,1,1
westgreenland2013wm2,1,1,1
wet,1,1,1
wfps.csv,1,1,1
wg2013adcp.nc,1,1,1
wg2013ctd.nc,1,1,1
wind.ring.widths.long.csv,1,1,1
winterco2flux,1,1,1
wl.csv,1,1,1
woodyspecies.csv,1,1,1
world,1,1,1
ws10,1,1,1
wsl.csv,1,1,1
wt,1,1,1
wt1procarchive,1,1,1
wt1procarchive.nc,1,1,1
wt2procarchive,1,1,1
wt2procarchive.nc,1,1,1
www10,1,1,1
www11,1,1,1
www12,1,1,1
xjw.csv,1,1,1
xrf,1,1,1
xrf.csv,1,1,1
y4,1,1,1
yakutsk,1,1,1
ydholomayewski.csv,1,1,1
yield,1,1,1
young.xlsx,1,1,1
yub,1,1,1
yyddd,1,1,1
zl.txt,1,1,1
zodiac,1,1,1
zp.txt,1,1,1
zport,1,1,1
zs.txt,1,1,1
18o,1,1,1
